schoolId,schoolName,sourceSearchPromptRows,criticalPromptRows,identityConflictRows,identityConflictDispositions,identityRelations,sourceFamilyMismatchReviewRows,campaignState,recommendedAction,score,checkedCandidates,linkedSourceCandidates,topLinkedUrl,topCandidateUrl,promptIds
"cmn1htkny000fvqf2jlmz8ej1","University of California, Los Angeles","10","10","0","","","0","source_search","manual-deep-search-official-application-page","665","3","0","","https://www.ucla.edu/admissions","cmorxevfb005peiz6vw812hr3|cmorxevff005xeiz619nzd64j|cmorxevfe005veiz623wi969x|cmorxevfd005teiz6yws5jskd|cmorxevfc005reiz6b9gfxlpz|cmorxevfa005neiz6l4f1vqqr|cmorxevf8005leiz6t6j36epi|cmorxevf7005jeiz68zmgcfos|cmorxevf5005heiz6e1zgvjxo|cmorx4ad7006b8vvhh5cym2yn"
"cmn1htkoj000ovqf226pta7or","Emory University","8","8","0","","","0","source_search","validate-ranked-linked-source-candidates","547","3","8","https://www.commonapp.org/explore/emory-university#Common%20Application","https://www.emory.edu/admissions","cmorwl1vu007bnoojbsd50odf|cmorx5zyh008z8vvhn7qjnoot|cmorwl1vx007fnooj3joc3vf5|cmorwl1vw007dnoojk85153mg|cmorx5zyd008x8vvhqkrcooyt|cmorx5zyl00918vvho4x133y5|cmorx5zyn00938vvhmuj473kk|cmorx5zyp00958vvhatrhp4ar"
"cmn1htkq9001avqf25ziy94gn","Lehigh University","7","7","0","","","0","source_search","manual-deep-search-official-application-page","453","3","0","","https://www1.lehigh.edu/admissions","cmorwbipe00bd44lkqmgoelwz|cmorwmtul00apnoojb68xqw3c|cmorxig3800bfeiz6p1n4muma|cmorw208b00aprazu54zw3aeh|cmorw208a00anrazutfw9l0x0|cmorw208400alrazuhcf01zst|cmorwbiph00bh44lkczpe70u9"
"cmnwr8im90007z0ti2n04hf3n","University of Pittsburgh","6","6","0","","","0","source_search","retry-blocked-candidates-or-external-source-search","380","3","0","","https://www.pitt.edu/admissions","cmorwoaxy00cvnoojo9hiocc8|cmorwd4au00dp44lkpjx1sj7d|cmorwoaxs00ctnoojxepmad52|cmorwoay000cxnoojxmweyx7w|cmor89qos00cf1jbwr034vd7q|cmorxakrl00e38vvhuwdl0mp0"
"cmn1htkn80003vqf29zl0f9lr","Stanford University","5","5","0","","","0","source_search","manual-deep-search-official-application-page","377","3","0","","https://www.stanford.edu/admissions","cmorxc6ry001xeiz6q1f1m4oz|cmorxc6rr001veiz6zwwvdehq|cmorxc6ri001teiz6cd33r31p|cmorxc6r7001reiz6dhc0kf7r|cmorxc6qx001peiz6obaxd0cg"
"cmnwr8iv20049z0ti4tahvum5","Carleton College","5","5","0","","","0","source_search","validate-ranked-linked-source-candidates","373","3","1","https://www.carleton.edu/admissions/connect/","https://www.carleton.edu/admissions","cmor7ztds003l1jbwr1020i1q|cmor7ztdz003r1jbwcbz65tp0|cmor7zte0003t1jbwt9jm53vd|cmor7ztdw003p1jbwz7o7c0i4|cmor7ztdn003j1jbwo2mg3i1v"
"cmn1htko7000jvqf22r0n55p2","University of Notre Dame","5","5","0","","","0","source_search","manual-deep-search-official-application-page","360","3","0","","https://www.nd.edu/admissions","cmorwk9rs005xnooj632h5yns|cmorw8oi7006n44lk6i9m143o|cmorxftt40075eiz6aa2fmrgm|cmorxftt70077eiz63vjfdw7m|cmorxftta0079eiz6z2vji8wj"
"cmnwr8itr003qz0tihoo9onta","Penn State University","5","5","0","","","0","source_search","manual-official-source-search-or-terminal","313","0","0","","https://www.psu.edu/admissions","cmorxarrf00ef8vvhvsjwgkfm|cmorxarrk00en8vvhwuexhjul|cmorworf300dznoojgcp0pmop|cmorxarri00ej8vvhkz9tnqgo|cmorxarrc00ed8vvh8k35p6dd"
"cmn1htkno000bvqf209819ok4","Columbia University","4","4","0","","","0","source_search","manual-official-source-search-or-terminal","308","0","0","","https://www.columbia.edu/admissions","cmorxejeq004teiz6kcrpb0qa|cmorx3q9b005j8vvh1dfhyo8c|cmorwj2s60045nooj1zqs5fun|cmor81hdr00571jbw5w2wux1l"
"cmnwr8ipx001wz0timhlbfii2","University of Vermont","5","5","0","","","0","source_search","manual-official-source-search-or-terminal","300","0","0","","https://www.uvm.edu/admissions","cmor8j72s00jb1jbwcft7uzrw|cmorxq61a00jzeiz6nufxqrv8|cmorxq61600jxeiz6wpkzh1zf|cmor8j72w00jd1jbwwxnb6vi3|cmorxf3eq00jr8vvhec16hyaz"
"cmn1htkqj001dvqf2n8mczcpn","Wake Forest University","4","4","0","","","0","source_search","manual-official-source-search-or-terminal","273","0","0","","https://www.wfu.edu/admissions","cmorx8q4p00c98vvhyfxrljg7|cmorxiqen00bveiz69o03rbk6|cmorxiqep00bxeiz67d3gp1ab|cmorx8q4u00cb8vvh1qtot8nd"
"cmnwr8ilx0001z0tilru6b1th","William & Mary","4","4","0","","","0","source_search","manual-official-source-search-or-terminal","262","0","0","","https://www.wm.edu/admissions","cmorwo0da00cfnoojoxgamkub|cmorwo0d600cdnoojvcdg0qkp|cmorw3nbg00clrazuruyo7d2h|cmorwcmcq00d944lk7bgg0q90"
"cmn1htkn60002vqf2r731l78m","Harvard University","3","3","0","","","0","source_search","manual-official-source-search-or-terminal","257","0","0","","https://www.harvard.edu/admissions","cmorvt1hu001frazu5d4jt3si|cmorx0f2e00238vvhcwq9qt2k|cmorx0f27001z8vvhxxglup6b"
"cmnwr8iut0044z0tie7749l79","Swarthmore College","3","3","0","","","0","source_search","manual-official-source-search-or-terminal","257","0","0","","https://www.swarthmore.edu/admissions","cmorx0jjv00258vvh5t13thl2|cmorx0jjw00278vvhepuvd03b|cmorx0jjx00298vvha4gi8zqp"
"cmnwr8iuv0045z0tiq1lprcv8","Pomona College","3","3","0","","","0","source_search","manual-official-source-search-or-terminal","256","0","0","","https://www.pomona.edu/admissions","cmorx16fk002x8vvhf40jxaoo|cmorx16fo00318vvhskinpw33|cmorx16fn002z8vvh8ry8tjp1"
"cmnwr8ivz004rz0tik286u7ol","Savannah College of Art and Design","3","3","0","","","0","source_search","manual-official-source-search-or-terminal","254","0","0","","https://www.scad.edu/admissions","cmor7yomh002j1jbwhgwqzlho|cmor7yome002h1jbw92qdcfha|cmor7yomk002l1jbwsvz2v6gl"
"cmn1htkne0006vqf2quzi0v6h","California Institute of Technology","3","3","0","","","0","source_search","manual-official-source-search-or-terminal","253","0","0","","https://www.caltech.edu/admissions","cmorx20tm003n8vvhordemiln|cmorx20tl003l8vvhbix67n0r|cmorx20ti003j8vvhrhpbkplz"
"cmn1htknq000cvqf2sogobdg1","Cornell University","3","3","0","","","0","source_search","manual-official-source-search-or-terminal","248","0","0","","https://www.cornell.edu/admissions","cmor8113e00511jbwoagv9vej|cmor8113c004z1jbwljah8m0i|cmorxeble004heiz6oqdvsd8q"
"cmnwr8iv9004dz0tirpo4zq16","Vassar College","3","3","0","","","0","source_search","manual-official-source-search-or-terminal","248","0","0","","https://www.vassar.edu/admissions","cmorw7p63005344lkrs6qbhuz|cmorw7p5u005144lkregum8n4|cmorxe8ha004feiz65l03fe8s"
"cmnwr8ipm001sz0tixvcr2p30","Oregon State University","4","4","0","","","0","source_search","manual-official-source-search-or-terminal","240","0","0","","https://oregonstate.edu/admissions","cmorxf7aw00jv8vvhw16abjns|cmorwusbw00j9noojj2304bn7|cmor8jhnx00jh1jbwl0aso224|cmorxpyi700jpeiz6pb66p83w"
"cmn1htkoo000qvqf2jgkrffw1","Washington University in St. Louis","3","3","0","","","0","source_search","manual-official-source-search-or-terminal","236","0","0","","https://wustl.edu/admissions","cmorvz98r007brazuos7wmxpf|cmorwkryo006lnooj3dna842l|cmorvz98u007hrazuse0papfp"
"cmn1htkq30018vqf2xt2csyoe","Purdue University","3","3","0","","","0","source_search","manual-official-source-search-or-terminal","217","0","0","","https://www.purdue.edu/admissions","cmorwb3cq00ar44lk6u1gt18i|cmorwb3c700ap44lku40q4frq|cmor873eg009z1jbwku4l97tl"
"cmn1htkqc001bvqf22zfkx827","Texas A&M University","3","3","0","","","0","source_search","manual-official-source-search-or-terminal","213","0","0","","https://www.tamu.edu/admissions","cmorwbd6c00b744lkv3r3ybjv|cmorwbd6300b544lkt9i79c82|cmorwmpar00ahnoojlg1gbqzh"
"cmnwr8itq003pz0tirhvysbdj","University of Minnesota, Twin Cities","3","3","0","","","0","source_search","manual-official-source-search-or-terminal","207","0","0","","https://twin-cities.umn.edu/admissions","cmorx9pis00d18vvhi3mpmvuu|cmorwnq8m00bxnoojr4gol3k7|cmorxj8fn00cleiz6y12ywu4g"
"cmnwr8imc0009z0tie59yu85k","Virginia Tech","3","3","0","","","0","source_search","manual-official-source-search-or-terminal","202","0","0","","https://www.vt.edu/admissions","cmorwnvfr00cbnoojykdywp8l|cmorwnvfl00c7noojg8n8dewg|cmorwnvfo00c9noojygz7v8x5"
"cmnwr8iwe004zz0tilegv5ian","Harvey Mudd College","2","2","0","","","0","source_search","manual-official-source-search-or-terminal","199","0","0","","https://www.hmc.edu/admissions","cmorwfm2i0001noojmzxkwt8m|cmorxb6m8000beiz6g2vhfwkl"
"cmnwr8iw7004vz0ti65mqjgq5","Berklee College of Music","2","2","0","","","0","source_search","manual-official-source-search-or-terminal","198","0","0","","https://www.berklee.edu/admissions","cmorw51ve001l44lkii1s5r9b|cmorwztfz001b8vvhs39hi2g0"
"cmnwr8iw1004sz0ti04r9dj3i","Maryland Institute College of Art","2","2","0","","","0","source_search","manual-official-source-search-or-terminal","193","0","0","","https://www.mica.edu/admissions","cmor7zbjb00311jbwgnsa9ym4|cmor7zbjh00331jbw43ruwpmh"
"cmn1htknh0008vqf2i053h8rm","Brown University","2","2","0","","","0","source_search","manual-official-source-search-or-terminal","191","0","0","","https://www.brown.edu/admissions","cmorx2yvg004f8vvh5lvsanrl|cmorxdrxk003leiz6os8g6y5g"
"cmnwr8in0000mz0tiria7qm89","University of Iowa","3","3","0","","","0","source_search","manual-official-source-search-or-terminal","186","0","0","","https://uiowa.edu/admissions","cmor8bqx900e31jbwvervlm7d|cmorxkzda00eteiz6ozsifgpr|cmorwpci700ehnooj5sf52aou"
"cmnwr8ivd004fz0tiwbcr93y2","Colgate University","2","2","0","","","0","source_search","manual-official-source-search-or-terminal","186","0","0","","https://www.colgate.edu/admissions","cmorxeozs0055eiz6yj8abx2j|cmorxeozr0053eiz6ao22uros"
"cmnwr8ivi004iz0tinveg964v","Washington and Lee University","2","2","0","","","0","source_search","manual-official-source-search-or-terminal","183","0","0","","https://www.wlu.edu/admissions","cmor82jos00691jbwg1mwwxwo|cmorxf3cx0067eiz6pzb1z3ex"
"cmn1htkoc000lvqf2s5pgbhxx","Georgetown University","2","2","0","","","0","source_search","manual-official-source-search-or-terminal","178","0","0","","https://www.georgetown.edu/admissions","cmorxg1aq007heiz6zrv0qjas|cmor83o8000771jbwt75dugmx"
"cmn1htkoe000mvqf2odaszvmk","University of North Carolina at Chapel Hill","2","2","0","","","0","source_search","manual-official-source-search-or-terminal","178","0","0","","https://www.unc.edu/admissions","cmorwkjbj0069noojwln2bo6i|cmorwkjbn006bnoojms4jzsga"
"cmn1htkq60019vqf2lmijsj2s","University of Maryland, College Park","2","2","0","","","0","source_search","manual-official-source-search-or-terminal","154","0","0","","https://www.umd.edu/admissions","cmorxidfh00bbeiz61ad7uuew|cmorxidfa00b9eiz6qlu2dv07"
"cmnwr8iur0043z0tie8ndrb65","Amherst College","1","1","0","","","0","source_search","manual-official-source-search-or-terminal","138","0","0","","https://www.amherst.edu/admissions","cmorxbuif001beiz6umctjgot"
"cmnwr8iwi0051z0tidfdrzv7w","Cooper Union","1","1","0","","","0","source_search","manual-official-source-search-or-terminal","138","0","0","","https://cooper.edu/admissions","cmorw4utc001f44lkot1qkieg"
"cmn1htkn30001vqf2nozenmj6","Massachusetts Institute of Technology","1","1","0","","","0","source_search","manual-official-source-search-or-terminal","138","0","0","","https://www.mit.edu/admissions","cmorxbk6j000xeiz6g5atpskm"
"cmn1htkna0004vqf2erll9srp","Yale University","1","1","0","","","0","source_search","manual-official-source-search-or-terminal","135","0","0","","https://www.yale.edu/admissions","cmorwhi320023nooje0kqa0nw"
"cmnwr8iuy0047z0tijtdlowua","Bowdoin College","1","1","0","","","0","source_search","manual-official-source-search-or-terminal","134","0","0","","https://www.bowdoin.edu/admissions","cmorxd5qz002neiz69rojmwjq"
"cmn1htknc0005vqf2l2az4cd2","University of Pennsylvania","1","1","0","","","0","source_search","manual-official-source-search-or-terminal","134","0","0","","https://www.upenn.edu/admissions","cmor7ytlo002r1jbw5glhilha"
"cmnwr8itt003rz0tizqmu1u5h","Yeshiva University","2","2","0","","","0","source_search","manual-official-source-search-or-terminal","126","0","0","","https://www.yu.edu/admissions","cmorxl52h00ezeiz6j32tqzgv|cmor8bv6b00eb1jbwk8gk31k2"
"cmnwr8ive004gz0tihs1kxbek","Davidson College","1","1","0","","","0","source_search","manual-official-source-search-or-terminal","125","0","0","","https://www.davidson.edu/admissions","cmorw7ziu005l44lkx12y1ryn"
"cmn1htko0000gvqf2pmjc1xi9","Rice University","1","1","0","","","0","source_search","manual-official-source-search-or-terminal","123","0","0","","https://www.rice.edu/admissions","cmorx4i1p006v8vvhtjqzje2a"
"cmn1htko5000ivqf28d3x9557","Vanderbilt University","1","1","0","","","0","source_search","manual-official-source-search-or-terminal","122","0","0","","https://www.vanderbilt.edu/admissions","cmorxfjp7006zeiz62o64qekh"
"cmnwr8imu000jz0ti03zavqgf","University of Massachusetts Amherst","2","2","0","","","0","source_search","manual-official-source-search-or-terminal","121","0","0","","https://www.umass.edu/admissions","cmorxloui00fneiz6ffyxc3p8|cmor8cf8r00el1jbwlvt95cxo"
"cmnwr8iqk0027z0ti3qm7r15o","University of Central Florida","2","2","0","","","0","source_search","manual-official-source-search-or-terminal","120","0","0","","https://www.ucf.edu/admissions","cmorxfxr200kj8vvhjwitkvce|cmorxqt1f00kneiz6xyptz8ej"
"cmnwr8ir0002fz0tiuxlv8v32","Kent State University","2","2","0","","","0","source_search","manual-official-source-search-or-terminal","120","0","0","","https://www.kent.edu/admissions","cmor8lh1w00kl1jbw05h5yape|cmor8lh1o00kj1jbws9rfxyue"
"cmn1htkoa000kvqf2oqm36hw5","University of Michigan, Ann Arbor","1","1","0","","","0","source_search","manual-official-source-search-or-terminal","119","0","0","","https://umich.edu/admissions","cmorxfx3l007feiz6d6y75iza"
"cmn1htkom000pvqf2se90bue1","University of Virginia","1","1","0","","","0","source_search","manual-official-source-search-or-terminal","116","0","0","","https://www.virginia.edu/admissions","cmorwkwyt006xnooj51afbwyi"
"cmn1htkor000rvqf282ibd6kz","University of California, Davis","1","1","0","","","0","source_search","manual-official-source-search-or-terminal","112","0","0","","https://www.ucdavis.edu/admissions","cmor84ln300831jbw0touh3s5"
"cmn1htkow000tvqf2qc5n3qhd","University of Florida","1","1","0","","","0","source_search","manual-official-source-search-or-terminal","112","0","0","","https://www.ufl.edu/admissions","cmorxgmdn008neiz6bmlaa50x"
"cmn1htkoz000uvqf2rnozc3fe","University of Southern California","1","1","0","","","0","source_search","manual-official-source-search-or-terminal","112","0","0","","https://www.usc.edu/admissions","cmorwlagf007xnoojyb7we9n7"
"cmn1htkpe0010vqf2xzzjz779","University of Illinois Urbana-Champaign","1","1","0","","","0","source_search","manual-official-source-search-or-terminal","105","0","0","","https://illinois.edu/admissions","cmorxhd1r00a3eiz6mf4crjow"
"cmnwr8ima0008z0ti358pkae1","University of Minnesota Twin Cities","1","1","0","","","0","source_search","manual-official-source-search-or-terminal","89","0","0","","https://twin-cities.umn.edu/admissions","cmor88e2x00b31jbwocyn8zg1"
"cmnwr8ilt0000z0ticnudxg0y","University of Rochester","1","1","0","","","0","source_search","manual-official-source-search-or-terminal","88","0","0","","https://www.rochester.edu/admissions","cmor88o7n00bh1jbw5h9sxlwe"
"cmnwr8iun0041z0tin8tw3f6b","Villanova University","1","1","0","","","0","source_search","manual-official-source-search-or-terminal","88","0","0","","https://www.villanova.edu/admissions","cmorxj17j00cdeiz6ibex4drl"
"cmnwr8im70006z0ti47aaywzj","Tulane University","1","1","0","","","0","source_search","manual-official-source-search-or-terminal","87","0","0","","https://tulane.edu/admissions","cmor88zto00bv1jbw6uouy4rg"
"cmnwr8imn000fz0ti5zassqtj","Pepperdine University","1","1","0","","","0","source_search","manual-official-source-search-or-terminal","80","0","0","","https://www.pepperdine.edu/admissions","cmorxk04v00dneiz6l1p433ow"
"cmnwr8inf000uz0tic8a7s8is","Rensselaer Polytechnic Institute","1","1","0","","","0","source_search","manual-official-source-search-or-terminal","73","0","0","","https://www.rpi.edu/admissions","cmorxkpht00eleiz659cvupc8"
"cmnwr8ins0012z0ti4o8njwhn","Stony Brook University","1","1","0","","","0","source_search","manual-official-source-search-or-terminal","61","0","0","","https://www.stonybrook.edu/admissions","cmorxm72c00gjeiz6oc16osdn"
"cmnwr8ime000az0ti9ts1sd20","Colorado School of Mines","1","1","0","","","0","source_search","manual-official-source-search-or-terminal","60","0","0","","https://www.mines.edu/admissions","cmor8euh000gj1jbwdeoptx2j"
"cmnwr8iu3003vz0tig0fa53lf","Howard University","1","1","0","","","0","source_search","manual-official-source-search-or-terminal","60","0","0","","https://www.howard.edu/admissions","cmor8f0ka00gr1jbwr5l5sneo"
"cmnwr8iu6003wz0tio3oagiri","Rochester Institute of Technology","1","1","0","","","0","source_search","manual-official-source-search-or-terminal","60","0","0","","https://www.rit.edu/admissions","cmor8ephs00gh1jbwaxfyhh3z"
"cmnwr8ini000wz0ti57rv9m9o","Auburn University","1","1","0","","","0","source_search","manual-official-source-search-or-terminal","60","0","0","","https://www.auburn.edu/admissions","cmor8g69z00hf1jbw8maj96we"
"cmnwr8iob001dz0ti3go71xpz","University of Utah","1","1","0","","","0","source_search","manual-official-source-search-or-terminal","60","0","0","","https://www.utah.edu/admissions","cmorxo2k900ifeiz6cw8ezo21"
"cmnwr8ip3001mz0til7q2dopw","University of Oklahoma","1","1","0","","","0","source_search","manual-official-source-search-or-terminal","60","0","0","","https://www.ou.edu/admissions","cmorxpfv700iteiz6ktsl45kk"
"cmnwr8is80031z0tizosa0sa8","University of Toledo","1","1","0","","","0","source_search","manual-official-source-search-or-terminal","60","0","0","","https://www.utoledo.edu/admissions","cmorxsott00lheiz61i6bv6c6"
"cmnwr8ise0034z0tiwz772kaw","Oklahoma State University","1","1","0","","","0","source_search","manual-official-source-search-or-terminal","60","0","0","","https://go.okstate.edu/admissions","cmorxt1g800lleiz6rirr6a12"
"cmnwr8isu003dz0tijwn1m0s0","University of Texas at Arlington","1","1","0","","","0","source_search","manual-official-source-search-or-terminal","60","0","0","","https://www.uta.edu/admissions","cmor8opge00ll1jbw4ck1smo9"
"cmnwr8ita003iz0ti7ezibmu3","Georgia State University","1","1","0","","","0","source_search","manual-official-source-search-or-terminal","60","0","0","","https://www.gsu.edu/admissions","cmorxucc300m5eiz6hgnx41vr"
"cmnwr8iti003lz0ti0z9hwm3s","Wright State University","1","1","0","","","0","source_search","manual-official-source-search-or-terminal","60","0","0","","https://www.wright.edu/admissions","cmorxup9400m7eiz6jkqqgv5l"
"cmnwr8iwq0055z0tivbkk0qbk","University of North Carolina Wilmington","1","1","0","","","0","source_search","manual-official-source-search-or-terminal","60","0","0","","https://uncw.edu/admissions","cmor8qbd100m91jbwu01c8qgi"
"cmn1htkmy0000vqf2src2zcb5","Princeton University","8","8","0","","","5","source_family_mismatch_review","review-source-family-mismatch-before-source-approval","1","3","6","https://admission.princeton.edu/apply/princeton-specific-questions","https://www.princeton.edu/admissions","cmorw4egu000p44lk4y7rw3tp|cmor7v70t00031jbw9811hnq5|cmorxbc08000heiz6y9sgnv3w|cmorxbc0c000jeiz6i121bbpt|cmorxbc0e000leiz62ayerpo2|cmorwfwid000bnoojdxzju2z6|cmorwfwi70009nooj5ud6qlni|cmorvrqbx0003razugc26yj00"
"cmnwr8iup0042z0tieqofvyfn","Williams College","7","7","3","conflict_reassign_candidate","distinct_school_identity","0","conflict_review","resolve-identity-conflicts-before-source-approval","1","3","1","https://www.williams.edu/admission-aid/apply/first-year/","https://www.williams.edu/admissions","cmor7vnzp000h1jbwlx60s0yg|cmorwzr2500178vvh5gb8s5rb|cmorwzr2400158vvh3d9vmxql|cmor7vnzd000f1jbwr05a38yt|cmorwzr2100138vvhfyzhl3ew|cmorxbh8t000peiz6g7e8t5x4|cmorxbh8y000reiz6rfqrg8ut"
"cmnwr8imx000lz0tiez2ik9eg","Pennsylvania State University","7","7","2","review_duplicate_school_identity_candidate|conflict_reassign_candidate","possible_duplicate_same_website_location|distinct_school_identity","0","conflict_review","resolve-identity-conflicts-before-source-approval","1","3","1","https://www.commonapp.org/explore/penn-state","https://www.psu.edu/admissions","cmorxkbpl00e5eiz6hmyklai2|cmorxkbpm00e7eiz6vm9zedky|cmorxamtt00e98vvh8fgzy7tf|cmorxkbp600dteiz64omewnew|cmorxkbpd00dzeiz6mal12guf|cmorxkbpi00e3eiz6qwoa098m|cmorwoig500dhnoojojykszwt"
"cmnwr8iua003xz0tio2zj4a4z","Saint Louis University","1","1","1","conflict_reassign_candidate","distinct_school_identity","0","conflict_review","resolve-identity-conflicts-before-source-approval","1","0","0","","https://www.slu.edu/admissions","cmorxd2u300hl8vvhwcsu5kin"
