schoolId,schoolName,assetId,gap,action,severity,disposition,closureState,nextAction,consumerPolicy,route
cmnwr8iqt002bz0ti5efot7m8,Adelphi University,,media.primary_missing,discover-media,warning,source_search_primary_campus_cover_required,source_search,source-search,use_placeholder_or_non_primary_fallback_until_approved,/admin/schools/cmnwr8iqt002bz0ti5efot7m8/media
cmnwr8ity003tz0tie2nazej1,American University,,media.primary_missing,discover-media,warning,source_search_primary_campus_cover_required,source_search,source-search,use_placeholder_or_non_primary_fallback_until_approved,/admin/schools/cmnwr8ity003tz0tie2nazej1/media
cmnwr8iur0043z0tie8ndrb65,Amherst College,,media.primary_missing,discover-media,warning,source_search_primary_campus_cover_required,source_search,source-search,use_placeholder_or_non_primary_fallback_until_approved,/admin/schools/cmnwr8iur0043z0tie8ndrb65/media
cmnwr8iwn0053z0tiokrlwt8f,Appalachian State University,,media.primary_missing,discover-media,warning,source_search_primary_campus_cover_required,source_search,source-search,use_placeholder_or_non_primary_fallback_until_approved,/admin/schools/cmnwr8iwn0053z0tiokrlwt8f/media
cmnwr8inx0015z0tix5dndhpi,Arizona State University,,media.primary_missing,discover-media,warning,source_search_primary_campus_cover_required,source_search,source-search,use_placeholder_or_non_primary_fallback_until_approved,/admin/schools/cmnwr8inx0015z0tix5dndhpi/media
cmnwr8ivx004qz0ti7xo8qk4m,ArtCenter College of Design,,media.primary_missing,discover-media,warning,source_search_primary_campus_cover_required,source_search,source-search,use_placeholder_or_non_primary_fallback_until_approved,/admin/schools/cmnwr8ivx004qz0ti7xo8qk4m/media
cmnwr8ini000wz0ti57rv9m9o,Auburn University,,media.primary_missing,discover-media,warning,source_search_primary_campus_cover_required,source_search,source-search,use_placeholder_or_non_primary_fallback_until_approved,/admin/schools/cmnwr8ini000wz0ti57rv9m9o/media
cmnwr8ir4002hz0tibdz0myoo,Ball State University,,media.primary_missing,discover-media,warning,source_search_primary_campus_cover_required,source_search,source-search,use_placeholder_or_non_primary_fallback_until_approved,/admin/schools/cmnwr8ir4002hz0tibdz0myoo/media
cmnwr8ivm004lz0tio6m2uic4,Barnard College,,media.primary_missing,discover-media,warning,source_search_primary_campus_cover_required,source_search,source-search,use_placeholder_or_non_primary_fallback_until_approved,/admin/schools/cmnwr8ivm004lz0tio6m2uic4/media
cmnwr8ivl004kz0tiv0vgf6c6,Bates College,,media.primary_missing,discover-media,warning,source_search_primary_campus_cover_required,source_search,source-search,use_placeholder_or_non_primary_fallback_until_approved,/admin/schools/cmnwr8ivl004kz0tiv0vgf6c6/media
cmnwr8itw003sz0ti2fueoy2e,Baylor University,,media.primary_missing,discover-media,warning,source_search_primary_campus_cover_required,source_search,source-search,use_placeholder_or_non_primary_fallback_until_approved,/admin/schools/cmnwr8itw003sz0ti2fueoy2e/media
cmnwr8iw7004vz0ti65mqjgq5,Berklee College of Music,,media.primary_missing,discover-media,warning,source_search_primary_campus_cover_required,source_search,source-search,use_placeholder_or_non_primary_fallback_until_approved,/admin/schools/cmnwr8iw7004vz0ti65mqjgq5/media
cmnwr8in2000nz0tikk636e8p,Binghamton University,,media.primary_missing,discover-media,warning,source_search_primary_campus_cover_required,source_search,source-search,use_placeholder_or_non_primary_fallback_until_approved,/admin/schools/cmnwr8in2000nz0tikk636e8p/media
cmn1htkpl0012vqf28whnvaoj,Boston College,,media.primary_missing,discover-media,warning,source_search_primary_campus_cover_required,source_search,source-search,use_placeholder_or_non_primary_fallback_until_approved,/admin/schools/cmn1htkpl0012vqf28whnvaoj/media
cmn1htkpw0016vqf20t0lflxm,Boston University,,media.primary_missing,discover-media,warning,source_search_primary_campus_cover_required,source_search,source-search,use_placeholder_or_non_primary_fallback_until_approved,/admin/schools/cmn1htkpw0016vqf20t0lflxm/media
cmnwr8iuy0047z0tijtdlowua,Bowdoin College,,media.primary_missing,discover-media,warning,source_search_primary_campus_cover_required,source_search,source-search,use_placeholder_or_non_primary_fallback_until_approved,/admin/schools/cmnwr8iuy0047z0tijtdlowua/media
cmnwr8irv002uz0tic1bpn6g4,Bowling Green State University,,media.primary_missing,discover-media,warning,source_search_primary_campus_cover_required,source_search,source-search,use_placeholder_or_non_primary_fallback_until_approved,/admin/schools/cmnwr8irv002uz0tic1bpn6g4/media
cmnwr8im10003z0ti20a5qdxq,Brandeis University,,media.primary_missing,discover-media,warning,source_search_primary_campus_cover_required,source_search,source-search,use_placeholder_or_non_primary_fallback_until_approved,/admin/schools/cmnwr8im10003z0ti20a5qdxq/media
cmn1htknh0008vqf2i053h8rm,Brown University,,media.primary_missing,discover-media,warning,source_search_primary_campus_cover_required,source_search,source-search,use_placeholder_or_non_primary_fallback_until_approved,/admin/schools/cmn1htknh0008vqf2i053h8rm/media
cmnwr8iw3004tz0ti9nqf8ivd,California College of the Arts,,media.primary_missing,discover-media,warning,source_search_primary_campus_cover_required,source_search,source-search,use_placeholder_or_non_primary_fallback_until_approved,/admin/schools/cmnwr8iw3004tz0ti9nqf8ivd/media
cmn1htkne0006vqf2quzi0v6h,California Institute of Technology,,media.primary_missing,discover-media,warning,source_search_primary_campus_cover_required,source_search,source-search,use_placeholder_or_non_primary_fallback_until_approved,/admin/schools/cmn1htkne0006vqf2quzi0v6h/media
cmnwr8ivw004pz0tie74ukvke,California Institute of the Arts,,media.primary_missing,discover-media,warning,source_search_primary_campus_cover_required,source_search,source-search,use_placeholder_or_non_primary_fallback_until_approved,/admin/schools/cmnwr8ivw004pz0tie74ukvke/media
cmnwr8is1002xz0ti23uxhu2j,"California Polytechnic State University, San Luis Obispo",,media.primary_missing,discover-media,warning,source_search_primary_campus_cover_required,source_search,source-search,use_placeholder_or_non_primary_fallback_until_approved,/admin/schools/cmnwr8is1002xz0ti23uxhu2j/media
cmnwr8irx002vz0ti8qpx4iws,"California State University, Fullerton",,media.primary_missing,discover-media,warning,source_search_primary_campus_cover_required,source_search,source-search,use_placeholder_or_non_primary_fallback_until_approved,/admin/schools/cmnwr8irx002vz0ti8qpx4iws/media
cmnwr8iry002wz0tiljzfdqu7,"California State University, Long Beach",,media.primary_missing,discover-media,warning,source_search_primary_campus_cover_required,source_search,source-search,use_placeholder_or_non_primary_fallback_until_approved,/admin/schools/cmnwr8iry002wz0tiljzfdqu7/media
cmnwr8ish0036z0tiy3l6tt76,"California State University, Northridge",,media.primary_missing,discover-media,warning,source_search_primary_campus_cover_required,source_search,source-search,use_placeholder_or_non_primary_fallback_until_approved,/admin/schools/cmnwr8ish0036z0tiy3l6tt76/media
cmnwr8iwv0058z0tivh6huv4n,"California State University, Sacramento",,media.primary_missing,discover-media,warning,source_search_primary_campus_cover_required,source_search,source-search,use_placeholder_or_non_primary_fallback_until_approved,/admin/schools/cmnwr8iwv0058z0tivh6huv4n/media
cmnwr8iv20049z0ti4tahvum5,Carleton College,,media.primary_missing,discover-media,warning,source_search_primary_campus_cover_required,source_search,source-search,use_placeholder_or_non_primary_fallback_until_approved,/admin/schools/cmnwr8iv20049z0ti4tahvum5/media
cmn1htkoh000nvqf2uj3pjgxw,Carnegie Mellon University,,media.primary_missing,discover-media,warning,source_search_primary_campus_cover_required,source_search,source-search,use_placeholder_or_non_primary_fallback_until_approved,/admin/schools/cmn1htkoh000nvqf2uj3pjgxw/media
cmnwr8ilz0002z0tiwrsmrdi7,Case Western Reserve University,,media.primary_missing,discover-media,warning,source_search_primary_campus_cover_required,source_search,source-search,use_placeholder_or_non_primary_fallback_until_approved,/admin/schools/cmnwr8ilz0002z0tiwrsmrdi7/media
cmnwr8itk003mz0tirfyu068c,Central Michigan University,,media.primary_missing,discover-media,warning,source_search_primary_campus_cover_required,source_search,source-search,use_placeholder_or_non_primary_fallback_until_approved,/admin/schools/cmnwr8itk003mz0tirfyu068c/media
cmnwr8iv4004az0tioxjsp148,Claremont McKenna College,,media.primary_missing,discover-media,warning,source_search_primary_campus_cover_required,source_search,source-search,use_placeholder_or_non_primary_fallback_until_approved,/admin/schools/cmnwr8iv4004az0tioxjsp148/media
cmnwr8ioo001hz0tim3isqwz9,Clarkson University,,media.primary_missing,discover-media,warning,source_search_primary_campus_cover_required,source_search,source-search,use_placeholder_or_non_primary_fallback_until_approved,/admin/schools/cmnwr8ioo001hz0tim3isqwz9/media
cmnwr8in3000oz0tih36u19xf,Clemson University,,media.primary_missing,discover-media,warning,source_search_primary_campus_cover_required,source_search,source-search,use_placeholder_or_non_primary_fallback_until_approved,/admin/schools/cmnwr8in3000oz0tih36u19xf/media
cmnwr8it2003gz0tixy0e9ok2,Cleveland State University,,media.primary_missing,discover-media,warning,source_search_primary_campus_cover_required,source_search,source-search,use_placeholder_or_non_primary_fallback_until_approved,/admin/schools/cmnwr8it2003gz0tixy0e9ok2/media
cmnwr8ivj004jz0tij2m7ox54,Colby College,,media.primary_missing,discover-media,warning,source_search_primary_campus_cover_required,source_search,source-search,use_placeholder_or_non_primary_fallback_until_approved,/admin/schools/cmnwr8ivj004jz0tij2m7ox54/media
cmnwr8ivd004fz0tiwbcr93y2,Colgate University,,media.primary_missing,discover-media,warning,source_search_primary_campus_cover_required,source_search,source-search,use_placeholder_or_non_primary_fallback_until_approved,/admin/schools/cmnwr8ivd004fz0tiwbcr93y2/media
cmnwr8ime000az0ti9ts1sd20,Colorado School of Mines,,media.primary_missing,discover-media,warning,source_search_primary_campus_cover_required,source_search,source-search,use_placeholder_or_non_primary_fallback_until_approved,/admin/schools/cmnwr8ime000az0ti9ts1sd20/media
cmnwr8ipv001vz0tiqnippgu6,Colorado State University,,media.primary_missing,discover-media,warning,source_search_primary_campus_cover_required,source_search,source-search,use_placeholder_or_non_primary_fallback_until_approved,/admin/schools/cmnwr8ipv001vz0tiqnippgu6/media
cmn1htkno000bvqf209819ok4,Columbia University,,media.primary_missing,discover-media,warning,source_search_primary_campus_cover_required,source_search,source-search,use_placeholder_or_non_primary_fallback_until_approved,/admin/schools/cmn1htkno000bvqf209819ok4/media
cmnwr8iwi0051z0tidfdrzv7w,Cooper Union,,media.primary_missing,discover-media,warning,source_search_primary_campus_cover_required,source_search,source-search,use_placeholder_or_non_primary_fallback_until_approved,/admin/schools/cmnwr8iwi0051z0tidfdrzv7w/media
cmn1htknq000cvqf2sogobdg1,Cornell University,,media.primary_missing,discover-media,warning,source_search_primary_campus_cover_required,source_search,source-search,use_placeholder_or_non_primary_fallback_until_approved,/admin/schools/cmn1htknq000cvqf2sogobdg1/media
cmnwr8iw9004wz0tiun4guycq,Curtis Institute of Music,,media.primary_missing,discover-media,warning,source_search_primary_campus_cover_required,source_search,source-search,use_placeholder_or_non_primary_fallback_until_approved,/admin/schools/cmnwr8iw9004wz0tiun4guycq/media
cmn1htko2000hvqf2r5gxwf84,Dartmouth College,,media.primary_missing,discover-media,warning,source_search_primary_campus_cover_required,source_search,source-search,use_placeholder_or_non_primary_fallback_until_approved,/admin/schools/cmn1htko2000hvqf2r5gxwf84/media
cmnwr8ive004gz0tihs1kxbek,Davidson College,,media.primary_missing,discover-media,warning,source_search_primary_campus_cover_required,source_search,source-search,use_placeholder_or_non_primary_fallback_until_approved,/admin/schools/cmnwr8ive004gz0tihs1kxbek/media
cmnwr8ioe001ez0tii04p5pvd,DePaul University,,media.primary_missing,discover-media,warning,source_search_primary_campus_cover_required,source_search,source-search,use_placeholder_or_non_primary_fallback_until_approved,/admin/schools/cmnwr8ioe001ez0tii04p5pvd/media
cmnwr8ink000xz0tivm4enckb,Drexel University,,media.primary_missing,discover-media,warning,source_search_primary_campus_cover_required,source_search,source-search,use_placeholder_or_non_primary_fallback_until_approved,/admin/schools/cmnwr8ink000xz0tivm4enckb/media
cmn1htkng0007vqf224oeyvgq,Duke University,,media.primary_missing,discover-media,warning,source_search_primary_campus_cover_required,source_search,source-search,use_placeholder_or_non_primary_fallback_until_approved,/admin/schools/cmn1htkng0007vqf224oeyvgq/media
cmnwr8isn0039z0tik49prelk,Eastern Michigan University,,media.primary_missing,discover-media,warning,source_search_primary_campus_cover_required,source_search,source-search,use_placeholder_or_non_primary_fallback_until_approved,/admin/schools/cmnwr8isn0039z0tik49prelk/media
cmn1htkoj000ovqf226pta7or,Emory University,,media.primary_missing,discover-media,warning,source_search_primary_campus_cover_required,source_search,source-search,use_placeholder_or_non_primary_fallback_until_approved,/admin/schools/cmn1htkoj000ovqf226pta7or/media
cmnwr8it5003hz0tie38swawv,Florida International University,,media.primary_missing,discover-media,warning,source_search_primary_campus_cover_required,source_search,source-search,use_placeholder_or_non_primary_fallback_until_approved,/admin/schools/cmnwr8it5003hz0tie38swawv/media
cmnwr8iny0016z0tiikip2622,Florida State University,,media.primary_missing,discover-media,warning,source_search_primary_campus_cover_required,source_search,source-search,use_placeholder_or_non_primary_fallback_until_approved,/admin/schools/cmnwr8iny0016z0tiikip2622/media
cmnwr8imr000hz0tik9lqym4i,Fordham University,,media.primary_missing,discover-media,warning,source_search_primary_campus_cover_required,source_search,source-search,use_placeholder_or_non_primary_fallback_until_approved,/admin/schools/cmnwr8imr000hz0tik9lqym4i/media
cmnwr8ipz001xz0ti9f4tlagk,George Mason University,,media.primary_missing,discover-media,warning,source_search_primary_campus_cover_required,source_search,source-search,use_placeholder_or_non_primary_fallback_until_approved,/admin/schools/cmnwr8ipz001xz0ti9f4tlagk/media
cmnwr8img000bz0tiktbc3agu,George Washington University,,media.primary_missing,discover-media,warning,source_search_primary_campus_cover_required,source_search,source-search,use_placeholder_or_non_primary_fallback_until_approved,/admin/schools/cmnwr8img000bz0tiktbc3agu/media
cmn1htkoc000lvqf2s5pgbhxx,Georgetown University,,media.primary_missing,discover-media,warning,source_search_primary_campus_cover_required,source_search,source-search,use_placeholder_or_non_primary_fallback_until_approved,/admin/schools/cmn1htkoc000lvqf2s5pgbhxx/media
cmn1htkp4000wvqf2ah317ku6,Georgia Institute of Technology,,media.primary_missing,discover-media,warning,source_search_primary_campus_cover_required,source_search,source-search,use_placeholder_or_non_primary_fallback_until_approved,/admin/schools/cmn1htkp4000wvqf2ah317ku6/media
cmnwr8ita003iz0ti7ezibmu3,Georgia State University,,media.primary_missing,discover-media,warning,source_search_primary_campus_cover_required,source_search,source-search,use_placeholder_or_non_primary_fallback_until_approved,/admin/schools/cmnwr8ita003iz0ti7ezibmu3/media
cmnwr8iuk0040z0ti7p8v604n,Gonzaga University,,media.primary_missing,discover-media,warning,source_search_primary_campus_cover_required,source_search,source-search,use_placeholder_or_non_primary_fallback_until_approved,/admin/schools/cmnwr8iuk0040z0ti7p8v604n/media
cmnwr8iws0056z0tial92bfrt,Grand Valley State University,,media.primary_missing,discover-media,warning,source_search_primary_campus_cover_required,source_search,source-search,use_placeholder_or_non_primary_fallback_until_approved,/admin/schools/cmnwr8iws0056z0tial92bfrt/media
cmnwr8ivb004ez0tiduer8l0n,Grinnell College,,media.primary_missing,discover-media,warning,source_search_primary_campus_cover_required,source_search,source-search,use_placeholder_or_non_primary_fallback_until_approved,/admin/schools/cmnwr8ivb004ez0tiduer8l0n/media
cmnwr8iv5004bz0ti94b7ow5h,Hamilton College,,media.primary_missing,discover-media,warning,source_search_primary_campus_cover_required,source_search,source-search,use_placeholder_or_non_primary_fallback_until_approved,/admin/schools/cmnwr8iv5004bz0ti94b7ow5h/media
cmn1htkn60002vqf2r731l78m,Harvard University,,media.primary_missing,discover-media,warning,source_search_primary_campus_cover_required,source_search,source-search,use_placeholder_or_non_primary_fallback_until_approved,/admin/schools/cmn1htkn60002vqf2r731l78m/media
cmnwr8iwe004zz0tilegv5ian,Harvey Mudd College,,media.primary_missing,discover-media,warning,source_search_primary_campus_cover_required,source_search,source-search,use_placeholder_or_non_primary_fallback_until_approved,/admin/schools/cmnwr8iwe004zz0tilegv5ian/media
cmnwr8iv7004cz0tiy7lyda2g,Haverford College,,media.primary_missing,discover-media,warning,source_search_primary_campus_cover_required,source_search,source-search,use_placeholder_or_non_primary_fallback_until_approved,/admin/schools/cmnwr8iv7004cz0tiy7lyda2g/media
cmnwr8iqp0029z0ti2wbplonv,Hofstra University,,media.primary_missing,discover-media,warning,source_search_primary_campus_cover_required,source_search,source-search,use_placeholder_or_non_primary_fallback_until_approved,/admin/schools/cmnwr8iqp0029z0ti2wbplonv/media
cmnwr8iu3003vz0tig0fa53lf,Howard University,,media.primary_missing,discover-media,warning,source_search_primary_campus_cover_required,source_search,source-search,use_placeholder_or_non_primary_fallback_until_approved,/admin/schools/cmnwr8iu3003vz0tig0fa53lf/media
cmnwr8iss003cz0tia71q9qy1,Idaho State University,,media.primary_missing,discover-media,warning,source_search_primary_campus_cover_required,source_search,source-search,use_placeholder_or_non_primary_fallback_until_approved,/admin/schools/cmnwr8iss003cz0tia71q9qy1/media
cmnwr8inb000sz0ti3r4uwfjt,Illinois Institute of Technology,,media.primary_missing,discover-media,warning,source_search_primary_campus_cover_required,source_search,source-search,use_placeholder_or_non_primary_fallback_until_approved,/admin/schools/cmnwr8inb000sz0ti3r4uwfjt/media
cmnwr8iqm0028z0ti63txqxzg,Illinois State University,,media.primary_missing,discover-media,warning,source_search_primary_campus_cover_required,source_search,source-search,use_placeholder_or_non_primary_fallback_until_approved,/admin/schools/cmnwr8iqm0028z0ti63txqxzg/media
cmnwr8iml000ez0ti01wzdugn,Indiana University Bloomington,,media.primary_missing,discover-media,warning,source_search_primary_campus_cover_required,source_search,source-search,use_placeholder_or_non_primary_fallback_until_approved,/admin/schools/cmnwr8iml000ez0ti01wzdugn/media
cmnwr8itm003nz0tiqazikwxi,Indiana University-Purdue University Indianapolis,,media.primary_missing,discover-media,warning,source_search_primary_campus_cover_required,source_search,source-search,use_placeholder_or_non_primary_fallback_until_approved,/admin/schools/cmnwr8itm003nz0tiqazikwxi/media
cmnwr8ipc001pz0tiz0bgth66,Iowa State University,,media.primary_missing,discover-media,warning,source_search_primary_campus_cover_required,source_search,source-search,use_placeholder_or_non_primary_fallback_until_approved,/admin/schools/cmnwr8ipc001pz0tiz0bgth66/media
cmnwr8iwp0054z0tic1mh49ba,James Madison University,,media.primary_missing,discover-media,warning,source_search_primary_campus_cover_required,source_search,source-search,use_placeholder_or_non_primary_fallback_until_approved,/admin/schools/cmnwr8iwp0054z0tic1mh49ba/media
cmn1htknl0009vqf255v6mh7y,Johns Hopkins University,,media.primary_missing,discover-media,warning,source_search_primary_campus_cover_required,source_search,source-search,use_placeholder_or_non_primary_fallback_until_approved,/admin/schools/cmn1htknl0009vqf255v6mh7y/media
cmnwr8iqc0023z0ti60klqjhy,Kansas State University,,media.primary_missing,discover-media,warning,source_search_primary_campus_cover_required,source_search,source-search,use_placeholder_or_non_primary_fallback_until_approved,/admin/schools/cmnwr8iqc0023z0ti60klqjhy/media
cmnwr8ir0002fz0tiuxlv8v32,Kent State University,,media.primary_missing,discover-media,warning,source_search_primary_campus_cover_required,source_search,source-search,use_placeholder_or_non_primary_fallback_until_approved,/admin/schools/cmnwr8ir0002fz0tiuxlv8v32/media
cmn1htkq9001avqf25ziy94gn,Lehigh University,,media.primary_missing,discover-media,warning,source_search_primary_campus_cover_required,source_search,source-search,use_placeholder_or_non_primary_fallback_until_approved,/admin/schools/cmn1htkq9001avqf25ziy94gn/media
cmnwr8iq1001yz0ti1jb6g7hi,Louisiana State University,,media.primary_missing,discover-media,warning,source_search_primary_campus_cover_required,source_search,source-search,use_placeholder_or_non_primary_fallback_until_approved,/admin/schools/cmnwr8iq1001yz0ti1jb6g7hi/media
cmnwr8ind000tz0timgwcy8hj,Loyola Marymount University,,media.primary_missing,discover-media,warning,source_search_primary_campus_cover_required,source_search,source-search,use_placeholder_or_non_primary_fallback_until_approved,/admin/schools/cmnwr8ind000tz0timgwcy8hj/media
cmnwr8ipa001oz0tionb7y3gm,Loyola University Chicago,,media.primary_missing,discover-media,warning,source_search_primary_campus_cover_required,source_search,source-search,use_placeholder_or_non_primary_fallback_until_approved,/admin/schools/cmnwr8ipa001oz0tionb7y3gm/media
cmnwr8iwc004yz0tif1a6h2el,Manhattan School of Music,,media.primary_missing,discover-media,warning,source_search_primary_campus_cover_required,source_search,source-search,use_placeholder_or_non_primary_fallback_until_approved,/admin/schools/cmnwr8iwc004yz0tif1a6h2el/media
cmnwr8inl000yz0ti6wsiqcrv,Marquette University,,media.primary_missing,discover-media,warning,source_search_primary_campus_cover_required,source_search,source-search,use_placeholder_or_non_primary_fallback_until_approved,/admin/schools/cmnwr8inl000yz0ti6wsiqcrv/media
cmnwr8iw1004sz0ti04r9dj3i,Maryland Institute College of Art,,media.primary_missing,discover-media,warning,source_search_primary_campus_cover_required,source_search,source-search,use_placeholder_or_non_primary_fallback_until_approved,/admin/schools/cmnwr8iw1004sz0ti04r9dj3i/media
cmn1htkn30001vqf2nozenmj6,Massachusetts Institute of Technology,,media.primary_missing,discover-media,warning,source_search_primary_campus_cover_required,source_search,source-search,use_placeholder_or_non_primary_fallback_until_approved,/admin/schools/cmn1htkn30001vqf2nozenmj6/media
cmnwr8imv000kz0ti6chk6fxq,Michigan State University,,media.primary_missing,discover-media,warning,source_search_primary_campus_cover_required,source_search,source-search,use_placeholder_or_non_primary_fallback_until_approved,/admin/schools/cmnwr8imv000kz0ti6chk6fxq/media
cmnwr8iv00048z0tityzi3zx8,Middlebury College,,media.primary_missing,discover-media,warning,source_search_primary_campus_cover_required,source_search,source-search,use_placeholder_or_non_primary_fallback_until_approved,/admin/schools/cmnwr8iv00048z0tityzi3zx8/media
cmnwr8iqx002dz0tigsxpge66,Mississippi State University,,media.primary_missing,discover-media,warning,source_search_primary_campus_cover_required,source_search,source-search,use_placeholder_or_non_primary_fallback_until_approved,/admin/schools/cmnwr8iqx002dz0tigsxpge66/media
cmnwr8iqf0024z0tiy29w0e1z,Missouri University of Science and Technology,,media.primary_missing,discover-media,warning,source_search_primary_campus_cover_required,source_search,source-search,use_placeholder_or_non_primary_fallback_until_approved,/admin/schools/cmnwr8iqf0024z0tiy29w0e1z/media
cmnwr8irh002mz0tik8qulubb,Montana State University,,media.primary_missing,discover-media,warning,source_search_primary_campus_cover_required,source_search,source-search,use_placeholder_or_non_primary_fallback_until_approved,/admin/schools/cmnwr8irh002mz0tik8qulubb/media
cmnwr8iwa004xz0tiygic7c6r,New England Conservatory,,media.primary_missing,discover-media,warning,source_search_primary_campus_cover_required,source_search,source-search,use_placeholder_or_non_primary_fallback_until_approved,/admin/schools/cmnwr8iwa004xz0tiygic7c6r/media
cmnwr8isf0035z0tixudqprxr,New Mexico State University,,media.primary_missing,discover-media,warning,source_search_primary_campus_cover_required,source_search,source-search,use_placeholder_or_non_primary_fallback_until_approved,/admin/schools/cmnwr8isf0035z0tixudqprxr/media
cmn1htkp9000yvqf29pcl812t,New York University,,media.primary_missing,discover-media,warning,source_search_primary_campus_cover_required,source_search,source-search,use_placeholder_or_non_primary_fallback_until_approved,/admin/schools/cmn1htkp9000yvqf29pcl812t/media
cmnwr8io20018z0tizk1tsitd,North Carolina State University,,media.primary_missing,discover-media,warning,source_search_primary_campus_cover_required,source_search,source-search,use_placeholder_or_non_primary_fallback_until_approved,/admin/schools/cmnwr8io20018z0tizk1tsitd/media
cmnwr8is3002yz0ti9qk8f21x,North Dakota State University,,media.primary_missing,discover-media,warning,source_search_primary_campus_cover_required,source_search,source-search,use_placeholder_or_non_primary_fallback_until_approved,/admin/schools/cmnwr8is3002yz0ti9qk8f21x/media
cmnwr8im30004z0tip77mx1gm,Northeastern University,,media.primary_missing,discover-media,warning,source_search_primary_campus_cover_required,source_search,source-search,use_placeholder_or_non_primary_fallback_until_approved,/admin/schools/cmnwr8im30004z0tip77mx1gm/media
cmnwr8isl0038z0ti3vw64w98,Northern Illinois University,,media.primary_missing,discover-media,warning,source_search_primary_campus_cover_required,source_search,source-search,use_placeholder_or_non_primary_fallback_until_approved,/admin/schools/cmnwr8isl0038z0ti3vw64w98/media
cmn1htknm000avqf2g8h3sbdp,Northwestern University,,media.primary_missing,discover-media,warning,source_search_primary_campus_cover_required,source_search,source-search,use_placeholder_or_non_primary_fallback_until_approved,/admin/schools/cmn1htknm000avqf2g8h3sbdp/media
cmn1htkq00017vqf245v5dk2j,Ohio State University,,media.primary_missing,discover-media,warning,source_search_primary_campus_cover_required,source_search,source-search,use_placeholder_or_non_primary_fallback_until_approved,/admin/schools/cmn1htkq00017vqf245v5dk2j/media
cmnwr8iqy002ez0tizit8vwvw,Ohio University,,media.primary_missing,discover-media,warning,source_search_primary_campus_cover_required,source_search,source-search,use_placeholder_or_non_primary_fallback_until_approved,/admin/schools/cmnwr8iqy002ez0tizit8vwvw/media
cmnwr8ise0034z0tiwz772kaw,Oklahoma State University,,media.primary_missing,discover-media,warning,source_search_primary_campus_cover_required,source_search,source-search,use_placeholder_or_non_primary_fallback_until_approved,/admin/schools/cmnwr8ise0034z0tiwz772kaw/media
cmnwr8itg003kz0tikwvhzllw,Old Dominion University,,media.primary_missing,discover-media,warning,source_search_primary_campus_cover_required,source_search,source-search,use_placeholder_or_non_primary_fallback_until_approved,/admin/schools/cmnwr8itg003kz0tikwvhzllw/media
cmnwr8iwl0052z0ti9adsxk6l,Olin College of Engineering,,media.primary_missing,discover-media,warning,source_search_primary_campus_cover_required,source_search,source-search,use_placeholder_or_non_primary_fallback_until_approved,/admin/schools/cmnwr8iwl0052z0ti9adsxk6l/media
cmnwr8ipm001sz0tixvcr2p30,Oregon State University,,media.primary_missing,discover-media,warning,source_search_primary_campus_cover_required,source_search,source-search,use_placeholder_or_non_primary_fallback_until_approved,/admin/schools/cmnwr8ipm001sz0tixvcr2p30/media
cmnwr8itr003qz0tihoo9onta,Penn State University,,media.primary_missing,discover-media,warning,source_search_primary_campus_cover_required,source_search,source-search,use_placeholder_or_non_primary_fallback_until_approved,/admin/schools/cmnwr8itr003qz0tihoo9onta/media
cmnwr8imx000lz0tiez2ik9eg,Pennsylvania State University,,media.primary_missing,discover-media,warning,source_search_primary_campus_cover_required,source_search,source-search,use_placeholder_or_non_primary_fallback_until_approved,/admin/schools/cmnwr8imx000lz0tiez2ik9eg/media
cmnwr8imn000fz0ti5zassqtj,Pepperdine University,,media.primary_missing,discover-media,warning,source_search_primary_campus_cover_required,source_search,source-search,use_placeholder_or_non_primary_fallback_until_approved,/admin/schools/cmnwr8imn000fz0ti5zassqtj/media
cmnwr8iuv0045z0tiq1lprcv8,Pomona College,,media.primary_missing,discover-media,warning,source_search_primary_campus_cover_required,source_search,source-search,use_placeholder_or_non_primary_fallback_until_approved,/admin/schools/cmnwr8iuv0045z0tiq1lprcv8/media
cmnwr8irl002oz0tiyc5w37jx,Portland State University,,media.primary_missing,discover-media,warning,source_search_primary_campus_cover_required,source_search,source-search,use_placeholder_or_non_primary_fallback_until_approved,/admin/schools/cmnwr8irl002oz0tiyc5w37jx/media
cmnwr8ivr004nz0ti5oh56l0o,Pratt Institute,,media.primary_missing,discover-media,warning,source_search_primary_campus_cover_required,source_search,source-search,use_placeholder_or_non_primary_fallback_until_approved,/admin/schools/cmnwr8ivr004nz0ti5oh56l0o/media
cmn1htkmy0000vqf2src2zcb5,Princeton University,,media.primary_missing,discover-media,warning,source_search_primary_campus_cover_required,source_search,source-search,use_placeholder_or_non_primary_fallback_until_approved,/admin/schools/cmn1htkmy0000vqf2src2zcb5/media
cmn1htkq30018vqf2xt2csyoe,Purdue University,,media.primary_missing,discover-media,warning,source_search_primary_campus_cover_required,source_search,source-search,use_placeholder_or_non_primary_fallback_until_approved,/admin/schools/cmn1htkq30018vqf2xt2csyoe/media
cmnwr8inf000uz0tic8a7s8is,Rensselaer Polytechnic Institute,,media.primary_missing,discover-media,warning,source_search_primary_campus_cover_required,source_search,source-search,use_placeholder_or_non_primary_fallback_until_approved,/admin/schools/cmnwr8inf000uz0tic8a7s8is/media
cmnwr8ivo004mz0tign5klw7c,Rhode Island School of Design,,media.primary_missing,discover-media,warning,source_search_primary_campus_cover_required,source_search,source-search,use_placeholder_or_non_primary_fallback_until_approved,/admin/schools/cmnwr8ivo004mz0tign5klw7c/media
cmn1htko0000gvqf2pmjc1xi9,Rice University,,media.primary_missing,discover-media,warning,source_search_primary_campus_cover_required,source_search,source-search,use_placeholder_or_non_primary_fallback_until_approved,/admin/schools/cmn1htko0000gvqf2pmjc1xi9/media
cmnwr8iu6003wz0tio3oagiri,Rochester Institute of Technology,,media.primary_missing,discover-media,warning,source_search_primary_campus_cover_required,source_search,source-search,use_placeholder_or_non_primary_fallback_until_approved,/admin/schools/cmnwr8iu6003wz0tio3oagiri/media
cmnwr8iwg0050z0tiyrfhaavh,Rose-Hulman Institute of Technology,,media.primary_missing,discover-media,warning,source_search_primary_campus_cover_required,source_search,source-search,use_placeholder_or_non_primary_fallback_until_approved,/admin/schools/cmnwr8iwg0050z0tiyrfhaavh/media
cmnwr8iqr002az0ti1une85dx,Rowan University,,media.primary_missing,discover-media,warning,source_search_primary_campus_cover_required,source_search,source-search,use_placeholder_or_non_primary_fallback_until_approved,/admin/schools/cmnwr8iqr002az0ti1une85dx/media
cmn1htkpo0013vqf2byqbw5mb,Rutgers University-New Brunswick,,media.primary_missing,discover-media,warning,source_search_primary_campus_cover_required,source_search,source-search,use_placeholder_or_non_primary_fallback_until_approved,/admin/schools/cmn1htkpo0013vqf2byqbw5mb/media
cmnwr8io7001bz0tihu5wo9mh,Rutgers University-Newark,,media.primary_missing,discover-media,warning,source_search_primary_campus_cover_required,source_search,source-search,use_placeholder_or_non_primary_fallback_until_approved,/admin/schools/cmnwr8io7001bz0tihu5wo9mh/media
cmnwr8iua003xz0tio2zj4a4z,Saint Louis University,,media.primary_missing,discover-media,warning,source_search_primary_campus_cover_required,source_search,source-search,use_placeholder_or_non_primary_fallback_until_approved,/admin/schools/cmnwr8iua003xz0tio2zj4a4z/media
cmnwr8iou001jz0tig866z8pb,San Diego State University,,media.primary_missing,discover-media,warning,source_search_primary_campus_cover_required,source_search,source-search,use_placeholder_or_non_primary_fallback_until_approved,/admin/schools/cmnwr8iou001jz0tig866z8pb/media
cmnwr8irt002tz0tiua8akwdq,San Jose State University,,media.primary_missing,discover-media,warning,source_search_primary_campus_cover_required,source_search,source-search,use_placeholder_or_non_primary_fallback_until_approved,/admin/schools/cmnwr8irt002tz0tiua8akwdq/media
cmnwr8im50005z0ti3z02fhjs,Santa Clara University,,media.primary_missing,discover-media,warning,source_search_primary_campus_cover_required,source_search,source-search,use_placeholder_or_non_primary_fallback_until_approved,/admin/schools/cmnwr8im50005z0ti3z02fhjs/media
cmnwr8ivz004rz0tik286u7ol,Savannah College of Art and Design,,media.primary_missing,discover-media,warning,source_search_primary_campus_cover_required,source_search,source-search,use_placeholder_or_non_primary_fallback_until_approved,/admin/schools/cmnwr8ivz004rz0tik286u7ol/media
cmnwr8ivt004oz0tin9oyxi60,School of the Art Institute of Chicago,,media.primary_missing,discover-media,warning,source_search_primary_campus_cover_required,source_search,source-search,use_placeholder_or_non_primary_fallback_until_approved,/admin/schools/cmnwr8ivt004oz0tin9oyxi60/media
cmnwr8ioi001fz0tivlt104p7,Seton Hall University,,media.primary_missing,discover-media,warning,source_search_primary_campus_cover_required,source_search,source-search,use_placeholder_or_non_primary_fallback_until_approved,/admin/schools/cmnwr8ioi001fz0tivlt104p7/media
cmnwr8ivg004hz0ti8c1ggiw8,Smith College,,media.primary_missing,discover-media,warning,source_search_primary_campus_cover_required,source_search,source-search,use_placeholder_or_non_primary_fallback_until_approved,/admin/schools/cmnwr8ivg004hz0ti8c1ggiw8/media
cmnwr8is4002zz0ti7l7rukwt,South Dakota State University,,media.primary_missing,discover-media,warning,source_search_primary_campus_cover_required,source_search,source-search,use_placeholder_or_non_primary_fallback_until_approved,/admin/schools/cmnwr8is4002zz0ti7l7rukwt/media
cmnwr8ims000iz0timfd6oan8,Southern Methodist University,,media.primary_missing,discover-media,warning,source_search_primary_campus_cover_required,source_search,source-search,use_placeholder_or_non_primary_fallback_until_approved,/admin/schools/cmnwr8ims000iz0timfd6oan8/media
cmn1htkn80003vqf29zl0f9lr,Stanford University,,media.primary_missing,discover-media,warning,source_search_primary_campus_cover_required,source_search,source-search,use_placeholder_or_non_primary_fallback_until_approved,/admin/schools/cmn1htkn80003vqf29zl0f9lr/media
cmnwr8in5000pz0tiefcdnmfi,Stevens Institute of Technology,,media.primary_missing,discover-media,warning,source_search_primary_campus_cover_required,source_search,source-search,use_placeholder_or_non_primary_fallback_until_approved,/admin/schools/cmnwr8in5000pz0tiefcdnmfi/media
cmnwr8ins0012z0ti4o8njwhn,Stony Brook University,,media.primary_missing,discover-media,warning,source_search_primary_campus_cover_required,source_search,source-search,use_placeholder_or_non_primary_fallback_until_approved,/admin/schools/cmnwr8ins0012z0ti4o8njwhn/media
cmnwr8iqv002cz0ti57kn9m2m,SUNY Binghamton University,,media.primary_missing,discover-media,warning,source_search_primary_campus_cover_required,source_search,source-search,use_placeholder_or_non_primary_fallback_until_approved,/admin/schools/cmnwr8iqv002cz0ti57kn9m2m/media
cmnwr8iut0044z0tie7749l79,Swarthmore College,,media.primary_missing,discover-media,warning,source_search_primary_campus_cover_required,source_search,source-search,use_placeholder_or_non_primary_fallback_until_approved,/admin/schools/cmnwr8iut0044z0tie7749l79/media
cmnwr8imi000cz0tifntjkili,Syracuse University,,media.primary_missing,discover-media,warning,source_search_primary_campus_cover_required,source_search,source-search,use_placeholder_or_non_primary_fallback_until_approved,/admin/schools/cmnwr8imi000cz0tifntjkili/media
cmnwr8inq0011z0tims8lt244,Temple University,,media.primary_missing,discover-media,warning,source_search_primary_campus_cover_required,source_search,source-search,use_placeholder_or_non_primary_fallback_until_approved,/admin/schools/cmnwr8inq0011z0tims8lt244/media
cmn1htkqc001bvqf22zfkx827,Texas A&M University,,media.primary_missing,discover-media,warning,source_search_primary_campus_cover_required,source_search,source-search,use_placeholder_or_non_primary_fallback_until_approved,/admin/schools/cmn1htkqc001bvqf22zfkx827/media
cmnwr8irn002pz0tihyw561a7,Texas Tech University,,media.primary_missing,discover-media,warning,source_search_primary_campus_cover_required,source_search,source-search,use_placeholder_or_non_primary_fallback_until_approved,/admin/schools/cmnwr8irn002pz0tihyw561a7/media
cmnwr8iw4004uz0tia8ikoq2b,The Juilliard School,,media.primary_missing,discover-media,warning,source_search_primary_campus_cover_required,source_search,source-search,use_placeholder_or_non_primary_fallback_until_approved,/admin/schools/cmnwr8iw4004uz0tia8ikoq2b/media
cmnwr8ioy001kz0ti85qspr1l,The New School,,media.primary_missing,discover-media,warning,source_search_primary_campus_cover_required,source_search,source-search,use_placeholder_or_non_primary_fallback_until_approved,/admin/schools/cmnwr8ioy001kz0ti85qspr1l/media
cmnwr8iwt0057z0ti6f0z2hsc,Towson University,,media.primary_missing,discover-media,warning,source_search_primary_campus_cover_required,source_search,source-search,use_placeholder_or_non_primary_fallback_until_approved,/admin/schools/cmnwr8iwt0057z0ti6f0z2hsc/media
cmn1htkpr0014vqf2w1o1nsyd,Tufts University,,media.primary_missing,discover-media,warning,source_search_primary_campus_cover_required,source_search,source-search,use_placeholder_or_non_primary_fallback_until_approved,/admin/schools/cmn1htkpr0014vqf2w1o1nsyd/media
cmnwr8im70006z0ti47aaywzj,Tulane University,,media.primary_missing,discover-media,warning,source_search_primary_campus_cover_required,source_search,source-search,use_placeholder_or_non_primary_fallback_until_approved,/admin/schools/cmnwr8im70006z0ti47aaywzj/media
cmnwr8io00017z0ti5bju2vo7,University at Buffalo,,media.primary_missing,discover-media,warning,source_search_primary_campus_cover_required,source_search,source-search,use_placeholder_or_non_primary_fallback_until_approved,/admin/schools/cmnwr8io00017z0ti5bju2vo7/media
cmnwr8is60030z0timvbtgjwa,University of Akron,,media.primary_missing,discover-media,warning,source_search_primary_campus_cover_required,source_search,source-search,use_placeholder_or_non_primary_fallback_until_approved,/admin/schools/cmnwr8is60030z0timvbtgjwa/media
cmnwr8ip1001lz0ti51lr5gad,University of Alabama,,media.primary_missing,discover-media,warning,source_search_primary_campus_cover_required,source_search,source-search,use_placeholder_or_non_primary_fallback_until_approved,/admin/schools/cmnwr8ip1001lz0ti51lr5gad/media
cmnwr8inn000zz0tihkfqe5yc,University of Arizona,,media.primary_missing,discover-media,warning,source_search_primary_campus_cover_required,source_search,source-search,use_placeholder_or_non_primary_fallback_until_approved,/admin/schools/cmnwr8inn000zz0tihkfqe5yc/media
cmnwr8iq40020z0tif8l8dxxu,University of Arkansas,,media.primary_missing,discover-media,warning,source_search_primary_campus_cover_required,source_search,source-search,use_placeholder_or_non_primary_fallback_until_approved,/admin/schools/cmnwr8iq40020z0tif8l8dxxu/media
cmn1htknv000evqf29yjvrstt,"University of California, Berkeley",,media.primary_missing,discover-media,warning,source_search_primary_campus_cover_required,source_search,source-search,use_placeholder_or_non_primary_fallback_until_approved,/admin/schools/cmn1htknv000evqf29yjvrstt/media
cmn1htkor000rvqf282ibd6kz,"University of California, Davis",,media.primary_missing,discover-media,warning,source_search_primary_campus_cover_required,source_search,source-search,use_placeholder_or_non_primary_fallback_until_approved,/admin/schools/cmn1htkor000rvqf282ibd6kz/media
cmn1htkp6000xvqf2rhj774d8,"University of California, Irvine",,media.primary_missing,discover-media,warning,source_search_primary_campus_cover_required,source_search,source-search,use_placeholder_or_non_primary_fallback_until_approved,/admin/schools/cmn1htkp6000xvqf2rhj774d8/media
cmn1htkny000fvqf2jlmz8ej1,"University of California, Los Angeles",,media.primary_missing,discover-media,warning,source_search_primary_campus_cover_required,source_search,source-search,use_placeholder_or_non_primary_fallback_until_approved,/admin/schools/cmn1htkny000fvqf2jlmz8ej1/media
cmnwr8imp000gz0tibbuqx67l,"University of California, Merced",,media.primary_missing,discover-media,warning,source_search_primary_campus_cover_required,source_search,source-search,use_placeholder_or_non_primary_fallback_until_approved,/admin/schools/cmnwr8imp000gz0tibbuqx67l/media
cmnwr8io40019z0ti0z11pe98,"University of California, Riverside",,media.primary_missing,discover-media,warning,source_search_primary_campus_cover_required,source_search,source-search,use_placeholder_or_non_primary_fallback_until_approved,/admin/schools/cmnwr8io40019z0ti0z11pe98/media
cmn1htkou000svqf2356l4yfj,"University of California, San Diego",,media.primary_missing,discover-media,warning,source_search_primary_campus_cover_required,source_search,source-search,use_placeholder_or_non_primary_fallback_until_approved,/admin/schools/cmn1htkou000svqf2356l4yfj/media
cmn1htkpb000zvqf2645ltfg6,"University of California, Santa Barbara",,media.primary_missing,discover-media,warning,source_search_primary_campus_cover_required,source_search,source-search,use_placeholder_or_non_primary_fallback_until_approved,/admin/schools/cmn1htkpb000zvqf2645ltfg6/media
cmnwr8io5001az0tibgs1vu54,"University of California, Santa Cruz",,media.primary_missing,discover-media,warning,source_search_primary_campus_cover_required,source_search,source-search,use_placeholder_or_non_primary_fallback_until_approved,/admin/schools/cmnwr8io5001az0tibgs1vu54/media
cmnwr8iqk0027z0ti3qm7r15o,University of Central Florida,,media.primary_missing,discover-media,warning,source_search_primary_campus_cover_required,source_search,source-search,use_placeholder_or_non_primary_fallback_until_approved,/admin/schools/cmnwr8iqk0027z0ti3qm7r15o/media
cmn1htkns000dvqf2a150rn2s,University of Chicago,,media.primary_missing,discover-media,warning,source_search_primary_campus_cover_required,source_search,source-search,use_placeholder_or_non_primary_fallback_until_approved,/admin/schools/cmn1htkns000dvqf2a150rn2s/media
cmnwr8ipt001uz0tivghae5e1,University of Cincinnati,,media.primary_missing,discover-media,warning,source_search_primary_campus_cover_required,source_search,source-search,use_placeholder_or_non_primary_fallback_until_approved,/admin/schools/cmnwr8ipt001uz0tivghae5e1/media
cmnwr8ing000vz0tizgajtqeo,University of Colorado Boulder,,media.primary_missing,discover-media,warning,source_search_primary_campus_cover_required,source_search,source-search,use_placeholder_or_non_primary_fallback_until_approved,/admin/schools/cmnwr8ing000vz0tizgajtqeo/media
cmnwr8imj000dz0tif3r9fq0l,University of Connecticut,,media.primary_missing,discover-media,warning,source_search_primary_campus_cover_required,source_search,source-search,use_placeholder_or_non_primary_fallback_until_approved,/admin/schools/cmnwr8imj000dz0tif3r9fq0l/media
cmnwr8in7000qz0ti04kcrc1l,University of Delaware,,media.primary_missing,discover-media,warning,source_search_primary_campus_cover_required,source_search,source-search,use_placeholder_or_non_primary_fallback_until_approved,/admin/schools/cmnwr8in7000qz0ti04kcrc1l/media
cmnwr8iud003yz0tinuqfaa54,University of Denver,,media.primary_missing,discover-media,warning,source_search_primary_campus_cover_required,source_search,source-search,use_placeholder_or_non_primary_fallback_until_approved,/admin/schools/cmnwr8iud003yz0tinuqfaa54/media
cmn1htkow000tvqf2qc5n3qhd,University of Florida,,media.primary_missing,discover-media,warning,source_search_primary_campus_cover_required,source_search,source-search,use_placeholder_or_non_primary_fallback_until_approved,/admin/schools/cmn1htkow000tvqf2qc5n3qhd/media
cmn1htkqf001cvqf2vdqpa1he,University of Georgia,,media.primary_missing,discover-media,warning,source_search_primary_campus_cover_required,source_search,source-search,use_placeholder_or_non_primary_fallback_until_approved,/admin/schools/cmn1htkqf001cvqf2vdqpa1he/media
cmnwr8iq70021z0titshta238,University of Hawaii at Manoa,,media.primary_missing,discover-media,warning,source_search_primary_campus_cover_required,source_search,source-search,use_placeholder_or_non_primary_fallback_until_approved,/admin/schools/cmnwr8iq70021z0titshta238/media
cmnwr8iq2001zz0tiix4lbz86,University of Houston,,media.primary_missing,discover-media,warning,source_search_primary_campus_cover_required,source_search,source-search,use_placeholder_or_non_primary_fallback_until_approved,/admin/schools/cmnwr8iq2001zz0tiix4lbz86/media
cmnwr8iro002qz0tiayclu6c9,University of Idaho,,media.primary_missing,discover-media,warning,source_search_primary_campus_cover_required,source_search,source-search,use_placeholder_or_non_primary_fallback_until_approved,/admin/schools/cmnwr8iro002qz0tiayclu6c9/media
cmn1htkpe0010vqf2xzzjz779,University of Illinois Urbana-Champaign,,media.primary_missing,discover-media,warning,source_search_primary_campus_cover_required,source_search,source-search,use_placeholder_or_non_primary_fallback_until_approved,/admin/schools/cmn1htkpe0010vqf2xzzjz779/media
cmnwr8in0000mz0tiria7qm89,University of Iowa,,media.primary_missing,discover-media,warning,source_search_primary_campus_cover_required,source_search,source-search,use_placeholder_or_non_primary_fallback_until_approved,/admin/schools/cmnwr8in0000mz0tiria7qm89/media
cmnwr8io8001cz0tivir7q6ki,University of Kansas,,media.primary_missing,discover-media,warning,source_search_primary_campus_cover_required,source_search,source-search,use_placeholder_or_non_primary_fallback_until_approved,/admin/schools/cmnwr8io8001cz0tivir7q6ki/media
cmnwr8ior001iz0tibsba6d2o,University of Kentucky,,media.primary_missing,discover-media,warning,source_search_primary_campus_cover_required,source_search,source-search,use_placeholder_or_non_primary_fallback_until_approved,/admin/schools/cmnwr8ior001iz0tibsba6d2o/media
cmnwr8iqi0026z0tin3vtpw1p,University of Maine,,media.primary_missing,discover-media,warning,source_search_primary_campus_cover_required,source_search,source-search,use_placeholder_or_non_primary_fallback_until_approved,/admin/schools/cmnwr8iqi0026z0tin3vtpw1p/media
cmn1htkq60019vqf2lmijsj2s,"University of Maryland, College Park",,media.primary_missing,discover-media,warning,source_search_primary_campus_cover_required,source_search,source-search,use_placeholder_or_non_primary_fallback_until_approved,/admin/schools/cmn1htkq60019vqf2lmijsj2s/media
cmnwr8imu000jz0ti03zavqgf,University of Massachusetts Amherst,,media.primary_missing,discover-media,warning,source_search_primary_campus_cover_required,source_search,source-search,use_placeholder_or_non_primary_fallback_until_approved,/admin/schools/cmnwr8imu000jz0ti03zavqgf/media
cmnwr8ite003jz0tijg7j0avf,University of Massachusetts Boston,,media.primary_missing,discover-media,warning,source_search_primary_campus_cover_required,source_search,source-search,use_placeholder_or_non_primary_fallback_until_approved,/admin/schools/cmnwr8ite003jz0tijg7j0avf/media
cmnwr8isc0033z0tibp1hnmdi,University of Massachusetts Lowell,,media.primary_missing,discover-media,warning,source_search_primary_campus_cover_required,source_search,source-search,use_placeholder_or_non_primary_fallback_until_approved,/admin/schools/cmnwr8isc0033z0tibp1hnmdi/media
cmnwr8isv003ez0timrhbjznd,University of Memphis,,media.primary_missing,discover-media,warning,source_search_primary_campus_cover_required,source_search,source-search,use_placeholder_or_non_primary_fallback_until_approved,/admin/schools/cmnwr8isv003ez0timrhbjznd/media
cmnwr8in9000rz0ti2orsdpwi,University of Miami,,media.primary_missing,discover-media,warning,source_search_primary_campus_cover_required,source_search,source-search,use_placeholder_or_non_primary_fallback_until_approved,/admin/schools/cmnwr8in9000rz0ti2orsdpwi/media
cmn1htkoa000kvqf2oqm36hw5,"University of Michigan, Ann Arbor",,media.primary_missing,discover-media,warning,source_search_primary_campus_cover_required,source_search,source-search,use_placeholder_or_non_primary_fallback_until_approved,/admin/schools/cmn1htkoa000kvqf2oqm36hw5/media
cmnwr8ima0008z0ti358pkae1,University of Minnesota Twin Cities,,media.primary_missing,discover-media,warning,source_search_primary_campus_cover_required,source_search,source-search,use_placeholder_or_non_primary_fallback_until_approved,/admin/schools/cmnwr8ima0008z0ti358pkae1/media
cmnwr8itq003pz0tirhvysbdj,"University of Minnesota, Twin Cities",,media.primary_missing,discover-media,warning,source_search_primary_campus_cover_required,source_search,source-search,use_placeholder_or_non_primary_fallback_until_approved,/admin/schools/cmnwr8itq003pz0tirhvysbdj/media
cmnwr8ip7001nz0ti6qy76djw,University of Missouri,,media.primary_missing,discover-media,warning,source_search_primary_campus_cover_required,source_search,source-search,use_placeholder_or_non_primary_fallback_until_approved,/admin/schools/cmnwr8ip7001nz0ti6qy76djw/media
cmnwr8ipj001rz0tipapk15or,University of Nebraska-Lincoln,,media.primary_missing,discover-media,warning,source_search_primary_campus_cover_required,source_search,source-search,use_placeholder_or_non_primary_fallback_until_approved,/admin/schools/cmnwr8ipj001rz0tipapk15or/media
cmnwr8irs002sz0ti22brcgol,"University of Nevada, Las Vegas",,media.primary_missing,discover-media,warning,source_search_primary_campus_cover_required,source_search,source-search,use_placeholder_or_non_primary_fallback_until_approved,/admin/schools/cmnwr8irs002sz0ti22brcgol/media
cmnwr8irj002nz0tief4railh,"University of Nevada, Reno",,media.primary_missing,discover-media,warning,source_search_primary_campus_cover_required,source_search,source-search,use_placeholder_or_non_primary_fallback_until_approved,/admin/schools/cmnwr8irj002nz0tief4railh/media
cmnwr8ipr001tz0ti8x7z840u,University of New Hampshire,,media.primary_missing,discover-media,warning,source_search_primary_campus_cover_required,source_search,source-search,use_placeholder_or_non_primary_fallback_until_approved,/admin/schools/cmnwr8ipr001tz0ti8x7z840u/media
cmnwr8ir2002gz0tih2v6dubi,University of New Mexico,,media.primary_missing,discover-media,warning,source_search_primary_campus_cover_required,source_search,source-search,use_placeholder_or_non_primary_fallback_until_approved,/admin/schools/cmnwr8ir2002gz0tih2v6dubi/media
cmn1htkoe000mvqf2odaszvmk,University of North Carolina at Chapel Hill,,media.primary_missing,discover-media,warning,source_search_primary_campus_cover_required,source_search,source-search,use_placeholder_or_non_primary_fallback_until_approved,/admin/schools/cmn1htkoe000mvqf2odaszvmk/media
cmnwr8iwq0055z0tivbkk0qbk,University of North Carolina Wilmington,,media.primary_missing,discover-media,warning,source_search_primary_campus_cover_required,source_search,source-search,use_placeholder_or_non_primary_fallback_until_approved,/admin/schools/cmnwr8iwq0055z0tivbkk0qbk/media
cmnwr8ird002kz0tifunyipf1,University of North Dakota,,media.primary_missing,discover-media,warning,source_search_primary_campus_cover_required,source_search,source-search,use_placeholder_or_non_primary_fallback_until_approved,/admin/schools/cmnwr8ird002kz0tifunyipf1/media
cmnwr8irq002rz0ti2ejl7chb,University of North Texas,,media.primary_missing,discover-media,warning,source_search_primary_campus_cover_required,source_search,source-search,use_placeholder_or_non_primary_fallback_until_approved,/admin/schools/cmnwr8irq002rz0ti2ejl7chb/media
cmn1htko7000jvqf22r0n55p2,University of Notre Dame,,media.primary_missing,discover-media,warning,source_search_primary_campus_cover_required,source_search,source-search,use_placeholder_or_non_primary_fallback_until_approved,/admin/schools/cmn1htko7000jvqf22r0n55p2/media
cmnwr8ip3001mz0til7q2dopw,University of Oklahoma,,media.primary_missing,discover-media,warning,source_search_primary_campus_cover_required,source_search,source-search,use_placeholder_or_non_primary_fallback_until_approved,/admin/schools/cmnwr8ip3001mz0til7q2dopw/media
cmnwr8int0013z0tiqysdv07w,University of Oregon,,media.primary_missing,discover-media,warning,source_search_primary_campus_cover_required,source_search,source-search,use_placeholder_or_non_primary_fallback_until_approved,/admin/schools/cmnwr8int0013z0tiqysdv07w/media
cmn1htknc0005vqf2l2az4cd2,University of Pennsylvania,,media.primary_missing,discover-media,warning,source_search_primary_campus_cover_required,source_search,source-search,use_placeholder_or_non_primary_fallback_until_approved,/admin/schools/cmn1htknc0005vqf2l2az4cd2/media
cmnwr8im90007z0ti2n04hf3n,University of Pittsburgh,,media.primary_missing,discover-media,warning,source_search_primary_campus_cover_required,source_search,source-search,use_placeholder_or_non_primary_fallback_until_approved,/admin/schools/cmnwr8im90007z0ti2n04hf3n/media
cmnwr8iqa0022z0ti9ad68xp2,University of Rhode Island,,media.primary_missing,discover-media,warning,source_search_primary_campus_cover_required,source_search,source-search,use_placeholder_or_non_primary_fallback_until_approved,/admin/schools/cmnwr8iqa0022z0ti9ad68xp2/media
cmnwr8ilt0000z0ticnudxg0y,University of Rochester,,media.primary_missing,discover-media,warning,source_search_primary_campus_cover_required,source_search,source-search,use_placeholder_or_non_primary_fallback_until_approved,/admin/schools/cmnwr8ilt0000z0ticnudxg0y/media
cmnwr8iuf003zz0ti12pe3iq1,University of San Diego,,media.primary_missing,discover-media,warning,source_search_primary_campus_cover_required,source_search,source-search,use_placeholder_or_non_primary_fallback_until_approved,/admin/schools/cmnwr8iuf003zz0ti12pe3iq1/media
cmnwr8iol001gz0ticdgvwjkf,University of San Francisco,,media.primary_missing,discover-media,warning,source_search_primary_campus_cover_required,source_search,source-search,use_placeholder_or_non_primary_fallback_until_approved,/admin/schools/cmnwr8iol001gz0ticdgvwjkf/media
cmnwr8inv0014z0ti6jqhq1ga,University of South Carolina,,media.primary_missing,discover-media,warning,source_search_primary_campus_cover_required,source_search,source-search,use_placeholder_or_non_primary_fallback_until_approved,/admin/schools/cmnwr8inv0014z0ti6jqhq1ga/media
cmnwr8irf002lz0titpd5mufz,University of South Dakota,,media.primary_missing,discover-media,warning,source_search_primary_campus_cover_required,source_search,source-search,use_placeholder_or_non_primary_fallback_until_approved,/admin/schools/cmnwr8irf002lz0titpd5mufz/media
cmnwr8inp0010z0tivwogzepz,University of South Florida,,media.primary_missing,discover-media,warning,source_search_primary_campus_cover_required,source_search,source-search,use_placeholder_or_non_primary_fallback_until_approved,/admin/schools/cmnwr8inp0010z0tivwogzepz/media
cmn1htkoz000uvqf2rnozc3fe,University of Southern California,,media.primary_missing,discover-media,warning,source_search_primary_campus_cover_required,source_search,source-search,use_placeholder_or_non_primary_fallback_until_approved,/admin/schools/cmn1htkoz000uvqf2rnozc3fe/media
cmnwr8isj0037z0tihc4cw8ue,University of Southern Mississippi,,media.primary_missing,discover-media,warning,source_search_primary_campus_cover_required,source_search,source-search,use_placeholder_or_non_primary_fallback_until_approved,/admin/schools/cmnwr8isj0037z0tihc4cw8ue/media
cmnwr8ipf001qz0ti3d3001d9,University of Tennessee,,media.primary_missing,discover-media,warning,source_search_primary_campus_cover_required,source_search,source-search,use_placeholder_or_non_primary_fallback_until_approved,/admin/schools/cmnwr8ipf001qz0ti3d3001d9/media
cmnwr8isu003dz0tijwn1m0s0,University of Texas at Arlington,,media.primary_missing,discover-media,warning,source_search_primary_campus_cover_required,source_search,source-search,use_placeholder_or_non_primary_fallback_until_approved,/admin/schools/cmnwr8isu003dz0tijwn1m0s0/media
cmn1htkp1000vvqf2iogfyk82,University of Texas at Austin,,media.primary_missing,discover-media,warning,source_search_primary_campus_cover_required,source_search,source-search,use_placeholder_or_non_primary_fallback_until_approved,/admin/schools/cmn1htkp1000vvqf2iogfyk82/media
cmnwr8iwx0059z0tilcfiwj80,University of Texas at Dallas,,media.primary_missing,discover-media,warning,source_search_primary_campus_cover_required,source_search,source-search,use_placeholder_or_non_primary_fallback_until_approved,/admin/schools/cmnwr8iwx0059z0tilcfiwj80/media
cmnwr8isz003fz0tisq77swxo,University of Texas at San Antonio,,media.primary_missing,discover-media,warning,source_search_primary_campus_cover_required,source_search,source-search,use_placeholder_or_non_primary_fallback_until_approved,/admin/schools/cmnwr8isz003fz0tisq77swxo/media
cmnwr8is80031z0tizosa0sa8,University of Toledo,,media.primary_missing,discover-media,warning,source_search_primary_campus_cover_required,source_search,source-search,use_placeholder_or_non_primary_fallback_until_approved,/admin/schools/cmnwr8is80031z0tizosa0sa8/media
cmnwr8iob001dz0ti3go71xpz,University of Utah,,media.primary_missing,discover-media,warning,source_search_primary_campus_cover_required,source_search,source-search,use_placeholder_or_non_primary_fallback_until_approved,/admin/schools/cmnwr8iob001dz0ti3go71xpz/media
cmnwr8ipx001wz0timhlbfii2,University of Vermont,,media.primary_missing,discover-media,warning,source_search_primary_campus_cover_required,source_search,source-search,use_placeholder_or_non_primary_fallback_until_approved,/admin/schools/cmnwr8ipx001wz0timhlbfii2/media
cmn1htkom000pvqf2se90bue1,University of Virginia,,media.primary_missing,discover-media,warning,source_search_primary_campus_cover_required,source_search,source-search,use_placeholder_or_non_primary_fallback_until_approved,/admin/schools/cmn1htkom000pvqf2se90bue1/media
cmn1htkpu0015vqf2kumhyv3t,University of Washington,,media.primary_missing,discover-media,warning,source_search_primary_campus_cover_required,source_search,source-search,use_placeholder_or_non_primary_fallback_until_approved,/admin/schools/cmn1htkpu0015vqf2kumhyv3t/media
cmn1htkpi0011vqf28xmv4but,University of Wisconsin-Madison,,media.primary_missing,discover-media,warning,source_search_primary_campus_cover_required,source_search,source-search,use_placeholder_or_non_primary_fallback_until_approved,/admin/schools/cmn1htkpi0011vqf28xmv4but/media
cmnwr8iso003az0tilgsdacqo,University of Wisconsin-Milwaukee,,media.primary_missing,discover-media,warning,source_search_primary_campus_cover_required,source_search,source-search,use_placeholder_or_non_primary_fallback_until_approved,/admin/schools/cmnwr8iso003az0tilgsdacqo/media
cmnwr8ir7002iz0ti11f0voua,University of Wyoming,,media.primary_missing,discover-media,warning,source_search_primary_campus_cover_required,source_search,source-search,use_placeholder_or_non_primary_fallback_until_approved,/admin/schools/cmnwr8ir7002iz0ti11f0voua/media
cmn1htko5000ivqf28d3x9557,Vanderbilt University,,media.primary_missing,discover-media,warning,source_search_primary_campus_cover_required,source_search,source-search,use_placeholder_or_non_primary_fallback_until_approved,/admin/schools/cmn1htko5000ivqf28d3x9557/media
cmnwr8iv9004dz0tirpo4zq16,Vassar College,,media.primary_missing,discover-media,warning,source_search_primary_campus_cover_required,source_search,source-search,use_placeholder_or_non_primary_fallback_until_approved,/admin/schools/cmnwr8iv9004dz0tirpo4zq16/media
cmnwr8iun0041z0tin8tw3f6b,Villanova University,,media.primary_missing,discover-media,warning,source_search_primary_campus_cover_required,source_search,source-search,use_placeholder_or_non_primary_fallback_until_approved,/admin/schools/cmnwr8iun0041z0tin8tw3f6b/media
cmnwr8imc0009z0tie59yu85k,Virginia Tech,,media.primary_missing,discover-media,warning,source_search_primary_campus_cover_required,source_search,source-search,use_placeholder_or_non_primary_fallback_until_approved,/admin/schools/cmnwr8imc0009z0tie59yu85k/media
cmn1htkqj001dvqf2n8mczcpn,Wake Forest University,,media.primary_missing,discover-media,warning,source_search_primary_campus_cover_required,source_search,source-search,use_placeholder_or_non_primary_fallback_until_approved,/admin/schools/cmn1htkqj001dvqf2n8mczcpn/media
cmnwr8ivi004iz0tinveg964v,Washington and Lee University,,media.primary_missing,discover-media,warning,source_search_primary_campus_cover_required,source_search,source-search,use_placeholder_or_non_primary_fallback_until_approved,/admin/schools/cmnwr8ivi004iz0tinveg964v/media
cmnwr8iqh0025z0ti7z1ynz4s,Washington State University,,media.primary_missing,discover-media,warning,source_search_primary_campus_cover_required,source_search,source-search,use_placeholder_or_non_primary_fallback_until_approved,/admin/schools/cmnwr8iqh0025z0ti7z1ynz4s/media
cmn1htkoo000qvqf2jgkrffw1,Washington University in St. Louis,,media.primary_missing,discover-media,warning,source_search_primary_campus_cover_required,source_search,source-search,use_placeholder_or_non_primary_fallback_until_approved,/admin/schools/cmn1htkoo000qvqf2jgkrffw1/media
cmnwr8isa0032z0tiytg48wsw,Wayne State University,,media.primary_missing,discover-media,warning,source_search_primary_campus_cover_required,source_search,source-search,use_placeholder_or_non_primary_fallback_until_approved,/admin/schools/cmnwr8isa0032z0tiytg48wsw/media
cmnwr8iux0046z0tilggqkjw6,Wellesley College,,media.primary_missing,discover-media,warning,source_search_primary_campus_cover_required,source_search,source-search,use_placeholder_or_non_primary_fallback_until_approved,/admin/schools/cmnwr8iux0046z0tilggqkjw6/media
cmnwr8ira002jz0tib0nkhdsx,West Virginia University,,media.primary_missing,discover-media,warning,source_search_primary_campus_cover_required,source_search,source-search,use_placeholder_or_non_primary_fallback_until_approved,/admin/schools/cmnwr8ira002jz0tib0nkhdsx/media
cmnwr8isr003bz0ti1h6j1c5s,Western Michigan University,,media.primary_missing,discover-media,warning,source_search_primary_campus_cover_required,source_search,source-search,use_placeholder_or_non_primary_fallback_until_approved,/admin/schools/cmnwr8isr003bz0ti1h6j1c5s/media
cmnwr8ito003oz0tiyojti719,Wichita State University,,media.primary_missing,discover-media,warning,source_search_primary_campus_cover_required,source_search,source-search,use_placeholder_or_non_primary_fallback_until_approved,/admin/schools/cmnwr8ito003oz0tiyojti719/media
cmnwr8ilx0001z0tilru6b1th,William & Mary,,media.primary_missing,discover-media,warning,source_search_primary_campus_cover_required,source_search,source-search,use_placeholder_or_non_primary_fallback_until_approved,/admin/schools/cmnwr8ilx0001z0tilru6b1th/media
cmnwr8iup0042z0tieqofvyfn,Williams College,,media.primary_missing,discover-media,warning,source_search_primary_campus_cover_required,source_search,source-search,use_placeholder_or_non_primary_fallback_until_approved,/admin/schools/cmnwr8iup0042z0tieqofvyfn/media
cmnwr8iu0003uz0ti43l07p17,Worcester Polytechnic Institute,,media.primary_missing,discover-media,warning,source_search_primary_campus_cover_required,source_search,source-search,use_placeholder_or_non_primary_fallback_until_approved,/admin/schools/cmnwr8iu0003uz0ti43l07p17/media
cmnwr8iti003lz0ti0z9hwm3s,Wright State University,,media.primary_missing,discover-media,warning,source_search_primary_campus_cover_required,source_search,source-search,use_placeholder_or_non_primary_fallback_until_approved,/admin/schools/cmnwr8iti003lz0ti0z9hwm3s/media
cmn1htkna0004vqf2erll9srp,Yale University,,media.primary_missing,discover-media,warning,source_search_primary_campus_cover_required,source_search,source-search,use_placeholder_or_non_primary_fallback_until_approved,/admin/schools/cmn1htkna0004vqf2erll9srp/media
cmnwr8itt003rz0tizqmu1u5h,Yeshiva University,,media.primary_missing,discover-media,warning,source_search_primary_campus_cover_required,source_search,source-search,use_placeholder_or_non_primary_fallback_until_approved,/admin/schools/cmnwr8itt003rz0tizqmu1u5h/media
