schoolId,schoolName,usNewsRank,field,bucket,action,status,hasValue,hasSourceUrl,hasCandidateEvidence,candidateEvidenceCount,disposition,closureState,nextAction,sourceQuality,consumerPolicy
cmnwr8iwe004zz0tilegv5ian,Harvey Mudd College,1,act25,heuristic,heuristic-review,HEURISTIC_FILL,true,false,true,5,review_heuristic_anchor_before_confident_consumption,review,review,heuristic_review,heuristic_weak_state_only_with_visible_uncertainty
cmnwr8iwe004zz0tilegv5ian,Harvey Mudd College,1,act75,heuristic,heuristic-review,HEURISTIC_FILL,true,false,true,5,review_heuristic_anchor_before_confident_consumption,review,review,heuristic_review,heuristic_weak_state_only_with_visible_uncertainty
cmnwr8ivo004mz0tign5klw7c,Rhode Island School of Design,1,sat25,heuristic,heuristic-review,HEURISTIC_FILL,true,false,true,1,review_heuristic_anchor_before_confident_consumption,review,review,heuristic_review,heuristic_weak_state_only_with_visible_uncertainty
cmnwr8ivo004mz0tign5klw7c,Rhode Island School of Design,1,sat75,heuristic,heuristic-review,HEURISTIC_FILL,true,false,true,1,review_heuristic_anchor_before_confident_consumption,review,review,heuristic_review,heuristic_weak_state_only_with_visible_uncertainty
cmnwr8ivo004mz0tign5klw7c,Rhode Island School of Design,1,act25,heuristic,heuristic-review,HEURISTIC_FILL,true,false,true,1,review_heuristic_anchor_before_confident_consumption,review,review,heuristic_review,heuristic_weak_state_only_with_visible_uncertainty
cmnwr8ivo004mz0tign5klw7c,Rhode Island School of Design,1,act75,heuristic,heuristic-review,HEURISTIC_FILL,true,false,true,1,review_heuristic_anchor_before_confident_consumption,review,review,heuristic_review,heuristic_weak_state_only_with_visible_uncertainty
cmnwr8iwg0050z0tiyrfhaavh,Rose-Hulman Institute of Technology,1,act25,heuristic,heuristic-review,HEURISTIC_FILL,true,false,true,3,review_heuristic_anchor_before_confident_consumption,review,review,heuristic_review,heuristic_weak_state_only_with_visible_uncertainty
cmnwr8iwg0050z0tiyrfhaavh,Rose-Hulman Institute of Technology,1,act75,heuristic,heuristic-review,HEURISTIC_FILL,true,false,true,3,review_heuristic_anchor_before_confident_consumption,review,review,heuristic_review,heuristic_weak_state_only_with_visible_uncertainty
cmnwr8iw4004uz0tia8ikoq2b,The Juilliard School,1,sat25,heuristic,heuristic-review,HEURISTIC_FILL,true,false,true,1,review_heuristic_anchor_before_confident_consumption,review,review,heuristic_review,heuristic_weak_state_only_with_visible_uncertainty
cmnwr8iw4004uz0tia8ikoq2b,The Juilliard School,1,sat75,heuristic,heuristic-review,HEURISTIC_FILL,true,false,true,1,review_heuristic_anchor_before_confident_consumption,review,review,heuristic_review,heuristic_weak_state_only_with_visible_uncertainty
cmnwr8iw4004uz0tia8ikoq2b,The Juilliard School,1,act25,heuristic,heuristic-review,HEURISTIC_FILL,true,false,true,1,review_heuristic_anchor_before_confident_consumption,review,review,heuristic_review,heuristic_weak_state_only_with_visible_uncertainty
cmnwr8iw4004uz0tia8ikoq2b,The Juilliard School,1,act75,heuristic,heuristic-review,HEURISTIC_FILL,true,false,true,1,review_heuristic_anchor_before_confident_consumption,review,review,heuristic_review,heuristic_weak_state_only_with_visible_uncertainty
cmnwr8iup0042z0tieqofvyfn,Williams College,1,act25,heuristic,heuristic-review,HEURISTIC_FILL,true,false,true,5,review_heuristic_anchor_before_confident_consumption,review,review,heuristic_review,heuristic_weak_state_only_with_visible_uncertainty
cmnwr8iup0042z0tieqofvyfn,Williams College,1,act75,heuristic,heuristic-review,HEURISTIC_FILL,true,false,true,5,review_heuristic_anchor_before_confident_consumption,review,review,heuristic_review,heuristic_weak_state_only_with_visible_uncertainty
cmnwr8iur0043z0tie8ndrb65,Amherst College,2,act25,heuristic,heuristic-review,HEURISTIC_FILL,true,false,true,5,review_heuristic_anchor_before_confident_consumption,review,review,heuristic_review,heuristic_weak_state_only_with_visible_uncertainty
cmnwr8iur0043z0tie8ndrb65,Amherst College,2,act75,heuristic,heuristic-review,HEURISTIC_FILL,true,false,true,5,review_heuristic_anchor_before_confident_consumption,review,review,heuristic_review,heuristic_weak_state_only_with_visible_uncertainty
cmnwr8iw7004vz0ti65mqjgq5,Berklee College of Music,2,sat25,heuristic,heuristic-review,HEURISTIC_FILL,true,false,true,1,review_heuristic_anchor_before_confident_consumption,review,review,heuristic_review,heuristic_weak_state_only_with_visible_uncertainty
cmnwr8iw7004vz0ti65mqjgq5,Berklee College of Music,2,sat75,heuristic,heuristic-review,HEURISTIC_FILL,true,false,true,1,review_heuristic_anchor_before_confident_consumption,review,review,heuristic_review,heuristic_weak_state_only_with_visible_uncertainty
cmnwr8iw7004vz0ti65mqjgq5,Berklee College of Music,2,act25,heuristic,heuristic-review,HEURISTIC_FILL,true,false,true,1,review_heuristic_anchor_before_confident_consumption,review,review,heuristic_review,heuristic_weak_state_only_with_visible_uncertainty
cmnwr8iw7004vz0ti65mqjgq5,Berklee College of Music,2,act75,heuristic,heuristic-review,HEURISTIC_FILL,true,false,true,1,review_heuristic_anchor_before_confident_consumption,review,review,heuristic_review,heuristic_weak_state_only_with_visible_uncertainty
cmnwr8iwi0051z0tidfdrzv7w,Cooper Union,2,sat25,legacy,source-candidate-review,,true,true,true,1,review_candidate_evidence_before_publish,review,review,candidate_evidence_review,review_queue_only_candidate_evidence_not_a_fact
cmnwr8iwi0051z0tidfdrzv7w,Cooper Union,2,sat75,legacy,source-candidate-review,,true,true,true,1,review_candidate_evidence_before_publish,review,review,candidate_evidence_review,review_queue_only_candidate_evidence_not_a_fact
cmnwr8iwi0051z0tidfdrzv7w,Cooper Union,2,act25,heuristic,heuristic-review,HEURISTIC_FILL,true,false,true,1,review_heuristic_anchor_before_confident_consumption,review,review,heuristic_review,heuristic_weak_state_only_with_visible_uncertainty
cmnwr8iwi0051z0tidfdrzv7w,Cooper Union,2,act75,heuristic,heuristic-review,HEURISTIC_FILL,true,false,true,1,review_heuristic_anchor_before_confident_consumption,review,review,heuristic_review,heuristic_weak_state_only_with_visible_uncertainty
cmnwr8ivr004nz0ti5oh56l0o,Pratt Institute,2,sat25,heuristic,heuristic-review,HEURISTIC_FILL,true,false,true,1,review_heuristic_anchor_before_confident_consumption,review,review,heuristic_review,heuristic_weak_state_only_with_visible_uncertainty
cmnwr8ivr004nz0ti5oh56l0o,Pratt Institute,2,sat75,heuristic,heuristic-review,HEURISTIC_FILL,true,false,true,1,review_heuristic_anchor_before_confident_consumption,review,review,heuristic_review,heuristic_weak_state_only_with_visible_uncertainty
cmnwr8ivr004nz0ti5oh56l0o,Pratt Institute,2,act25,heuristic,heuristic-review,HEURISTIC_FILL,true,false,true,1,review_heuristic_anchor_before_confident_consumption,review,review,heuristic_review,heuristic_weak_state_only_with_visible_uncertainty
cmnwr8ivr004nz0ti5oh56l0o,Pratt Institute,2,act75,heuristic,heuristic-review,HEURISTIC_FILL,true,false,true,1,review_heuristic_anchor_before_confident_consumption,review,review,heuristic_review,heuristic_weak_state_only_with_visible_uncertainty
cmnwr8iw9004wz0tiun4guycq,Curtis Institute of Music,3,sat25,heuristic,heuristic-review,HEURISTIC_FILL,true,false,true,1,review_heuristic_anchor_before_confident_consumption,review,review,heuristic_review,heuristic_weak_state_only_with_visible_uncertainty
cmnwr8iw9004wz0tiun4guycq,Curtis Institute of Music,3,sat75,heuristic,heuristic-review,HEURISTIC_FILL,true,false,true,1,review_heuristic_anchor_before_confident_consumption,review,review,heuristic_review,heuristic_weak_state_only_with_visible_uncertainty
cmnwr8iw9004wz0tiun4guycq,Curtis Institute of Music,3,act25,heuristic,heuristic-review,HEURISTIC_FILL,true,false,true,1,review_heuristic_anchor_before_confident_consumption,review,review,heuristic_review,heuristic_weak_state_only_with_visible_uncertainty
cmnwr8iw9004wz0tiun4guycq,Curtis Institute of Music,3,act75,heuristic,heuristic-review,HEURISTIC_FILL,true,false,true,1,review_heuristic_anchor_before_confident_consumption,review,review,heuristic_review,heuristic_weak_state_only_with_visible_uncertainty
cmn1htkn60002vqf2r731l78m,Harvard University,3,eaAcceptanceRate,legacy,source-candidate-review,,true,true,true,5,review_candidate_evidence_before_publish,review,review,candidate_evidence_review,review_queue_only_candidate_evidence_not_a_fact
cmnwr8iwl0052z0ti9adsxk6l,Olin College of Engineering,3,act25,heuristic,heuristic-review,HEURISTIC_FILL,true,false,true,5,review_heuristic_anchor_before_confident_consumption,review,review,heuristic_review,heuristic_weak_state_only_with_visible_uncertainty
cmnwr8iwl0052z0ti9adsxk6l,Olin College of Engineering,3,act75,heuristic,heuristic-review,HEURISTIC_FILL,true,false,true,5,review_heuristic_anchor_before_confident_consumption,review,review,heuristic_review,heuristic_weak_state_only_with_visible_uncertainty
cmnwr8ivt004oz0tin9oyxi60,School of the Art Institute of Chicago,3,sat25,heuristic,heuristic-review,HEURISTIC_FILL,true,false,true,2,review_heuristic_anchor_before_confident_consumption,review,review,heuristic_review,heuristic_weak_state_only_with_visible_uncertainty
cmnwr8ivt004oz0tin9oyxi60,School of the Art Institute of Chicago,3,sat75,heuristic,heuristic-review,HEURISTIC_FILL,true,false,true,2,review_heuristic_anchor_before_confident_consumption,review,review,heuristic_review,heuristic_weak_state_only_with_visible_uncertainty
cmnwr8ivt004oz0tin9oyxi60,School of the Art Institute of Chicago,3,act25,heuristic,heuristic-review,HEURISTIC_FILL,true,false,true,2,review_heuristic_anchor_before_confident_consumption,review,review,heuristic_review,heuristic_weak_state_only_with_visible_uncertainty
cmnwr8ivt004oz0tin9oyxi60,School of the Art Institute of Chicago,3,act75,heuristic,heuristic-review,HEURISTIC_FILL,true,false,true,2,review_heuristic_anchor_before_confident_consumption,review,review,heuristic_review,heuristic_weak_state_only_with_visible_uncertainty
cmnwr8iut0044z0tie7749l79,Swarthmore College,3,act25,heuristic,heuristic-review,HEURISTIC_FILL,true,false,true,5,review_heuristic_anchor_before_confident_consumption,review,review,heuristic_review,heuristic_weak_state_only_with_visible_uncertainty
cmnwr8iut0044z0tie7749l79,Swarthmore College,3,act75,heuristic,heuristic-review,HEURISTIC_FILL,true,false,true,5,review_heuristic_anchor_before_confident_consumption,review,review,heuristic_review,heuristic_weak_state_only_with_visible_uncertainty
cmnwr8ivw004pz0tie74ukvke,California Institute of the Arts,4,sat25,heuristic,heuristic-review,HEURISTIC_FILL,true,false,true,1,review_heuristic_anchor_before_confident_consumption,review,review,heuristic_review,heuristic_weak_state_only_with_visible_uncertainty
cmnwr8ivw004pz0tie74ukvke,California Institute of the Arts,4,sat75,heuristic,heuristic-review,HEURISTIC_FILL,true,false,true,1,review_heuristic_anchor_before_confident_consumption,review,review,heuristic_review,heuristic_weak_state_only_with_visible_uncertainty
cmnwr8ivw004pz0tie74ukvke,California Institute of the Arts,4,act25,heuristic,heuristic-review,HEURISTIC_FILL,true,false,true,1,review_heuristic_anchor_before_confident_consumption,review,review,heuristic_review,heuristic_weak_state_only_with_visible_uncertainty
cmnwr8ivw004pz0tie74ukvke,California Institute of the Arts,4,act75,heuristic,heuristic-review,HEURISTIC_FILL,true,false,true,1,review_heuristic_anchor_before_confident_consumption,review,review,heuristic_review,heuristic_weak_state_only_with_visible_uncertainty
cmnwr8iwa004xz0tiygic7c6r,New England Conservatory,4,sat25,heuristic,heuristic-review,HEURISTIC_FILL,true,false,true,1,review_heuristic_anchor_before_confident_consumption,review,review,heuristic_review,heuristic_weak_state_only_with_visible_uncertainty
cmnwr8iwa004xz0tiygic7c6r,New England Conservatory,4,sat75,heuristic,heuristic-review,HEURISTIC_FILL,true,false,true,1,review_heuristic_anchor_before_confident_consumption,review,review,heuristic_review,heuristic_weak_state_only_with_visible_uncertainty
cmnwr8iwa004xz0tiygic7c6r,New England Conservatory,4,act25,heuristic,heuristic-review,HEURISTIC_FILL,true,false,true,1,review_heuristic_anchor_before_confident_consumption,review,review,heuristic_review,heuristic_weak_state_only_with_visible_uncertainty
cmnwr8iwa004xz0tiygic7c6r,New England Conservatory,4,act75,heuristic,heuristic-review,HEURISTIC_FILL,true,false,true,1,review_heuristic_anchor_before_confident_consumption,review,review,heuristic_review,heuristic_weak_state_only_with_visible_uncertainty
cmnwr8iuv0045z0tiq1lprcv8,Pomona College,4,act25,heuristic,heuristic-review,HEURISTIC_FILL,true,false,true,1,review_heuristic_anchor_before_confident_consumption,review,review,heuristic_review,heuristic_weak_state_only_with_visible_uncertainty
cmnwr8iuv0045z0tiq1lprcv8,Pomona College,4,act75,heuristic,heuristic-review,HEURISTIC_FILL,true,false,true,1,review_heuristic_anchor_before_confident_consumption,review,review,heuristic_review,heuristic_weak_state_only_with_visible_uncertainty
cmnwr8ivx004qz0ti7xo8qk4m,ArtCenter College of Design,5,act25,heuristic,heuristic-review,HEURISTIC_FILL,true,false,true,1,review_heuristic_anchor_before_confident_consumption,review,review,heuristic_review,heuristic_weak_state_only_with_visible_uncertainty
cmnwr8ivx004qz0ti7xo8qk4m,ArtCenter College of Design,5,act75,heuristic,heuristic-review,HEURISTIC_FILL,true,false,true,1,review_heuristic_anchor_before_confident_consumption,review,review,heuristic_review,heuristic_weak_state_only_with_visible_uncertainty
cmnwr8is1002xz0ti23uxhu2j,"California Polytechnic State University, San Luis Obispo",5,act25,heuristic,heuristic-review,HEURISTIC_FILL,true,false,true,5,review_heuristic_anchor_before_confident_consumption,review,review,heuristic_review,heuristic_weak_state_only_with_visible_uncertainty
cmnwr8is1002xz0ti23uxhu2j,"California Polytechnic State University, San Luis Obispo",5,act75,heuristic,heuristic-review,HEURISTIC_FILL,true,false,true,5,review_heuristic_anchor_before_confident_consumption,review,review,heuristic_review,heuristic_weak_state_only_with_visible_uncertainty
cmnwr8iwc004yz0tif1a6h2el,Manhattan School of Music,5,sat25,heuristic,heuristic-review,HEURISTIC_FILL,true,false,true,3,review_heuristic_anchor_before_confident_consumption,review,review,heuristic_review,heuristic_weak_state_only_with_visible_uncertainty
cmnwr8iwc004yz0tif1a6h2el,Manhattan School of Music,5,sat75,heuristic,heuristic-review,HEURISTIC_FILL,true,false,true,3,review_heuristic_anchor_before_confident_consumption,review,review,heuristic_review,heuristic_weak_state_only_with_visible_uncertainty
cmnwr8iwc004yz0tif1a6h2el,Manhattan School of Music,5,act25,heuristic,heuristic-review,HEURISTIC_FILL,true,false,true,4,review_heuristic_anchor_before_confident_consumption,review,review,heuristic_review,heuristic_weak_state_only_with_visible_uncertainty
cmnwr8iwc004yz0tif1a6h2el,Manhattan School of Music,5,act75,heuristic,heuristic-review,HEURISTIC_FILL,true,false,true,4,review_heuristic_anchor_before_confident_consumption,review,review,heuristic_review,heuristic_weak_state_only_with_visible_uncertainty
cmnwr8iux0046z0tilggqkjw6,Wellesley College,5,act25,heuristic,heuristic-review,HEURISTIC_FILL,true,false,true,5,review_heuristic_anchor_before_confident_consumption,review,review,heuristic_review,heuristic_weak_state_only_with_visible_uncertainty
cmnwr8iux0046z0tilggqkjw6,Wellesley College,5,act75,heuristic,heuristic-review,HEURISTIC_FILL,true,false,true,5,review_heuristic_anchor_before_confident_consumption,review,review,heuristic_review,heuristic_weak_state_only_with_visible_uncertainty
cmn1htkna0004vqf2erll9srp,Yale University,5,eaAcceptanceRate,legacy,source-candidate-review,,true,true,true,5,review_candidate_evidence_before_publish,review,review,candidate_evidence_review,review_queue_only_candidate_evidence_not_a_fact
cmnwr8iuy0047z0tijtdlowua,Bowdoin College,6,act25,heuristic,heuristic-review,HEURISTIC_FILL,true,false,true,5,review_heuristic_anchor_before_confident_consumption,review,review,heuristic_review,heuristic_weak_state_only_with_visible_uncertainty
cmnwr8iuy0047z0tijtdlowua,Bowdoin College,6,act75,heuristic,heuristic-review,HEURISTIC_FILL,true,false,true,5,review_heuristic_anchor_before_confident_consumption,review,review,heuristic_review,heuristic_weak_state_only_with_visible_uncertainty
cmnwr8ivz004rz0tik286u7ol,Savannah College of Art and Design,6,act25,heuristic,heuristic-review,HEURISTIC_FILL,true,false,true,1,review_heuristic_anchor_before_confident_consumption,review,review,heuristic_review,heuristic_weak_state_only_with_visible_uncertainty
cmnwr8ivz004rz0tik286u7ol,Savannah College of Art and Design,6,act75,heuristic,heuristic-review,HEURISTIC_FILL,true,false,true,1,review_heuristic_anchor_before_confident_consumption,review,review,heuristic_review,heuristic_weak_state_only_with_visible_uncertainty
cmnwr8iw1004sz0ti04r9dj3i,Maryland Institute College of Art,7,sat25,heuristic,heuristic-review,HEURISTIC_FILL,true,false,true,1,review_heuristic_anchor_before_confident_consumption,review,review,heuristic_review,heuristic_weak_state_only_with_visible_uncertainty
cmnwr8iw1004sz0ti04r9dj3i,Maryland Institute College of Art,7,sat75,heuristic,heuristic-review,HEURISTIC_FILL,true,false,true,1,review_heuristic_anchor_before_confident_consumption,review,review,heuristic_review,heuristic_weak_state_only_with_visible_uncertainty
cmnwr8iw1004sz0ti04r9dj3i,Maryland Institute College of Art,7,act25,heuristic,heuristic-review,HEURISTIC_FILL,true,false,true,1,review_heuristic_anchor_before_confident_consumption,review,review,heuristic_review,heuristic_weak_state_only_with_visible_uncertainty
cmnwr8iw1004sz0ti04r9dj3i,Maryland Institute College of Art,7,act75,heuristic,heuristic-review,HEURISTIC_FILL,true,false,true,1,review_heuristic_anchor_before_confident_consumption,review,review,heuristic_review,heuristic_weak_state_only_with_visible_uncertainty
cmnwr8iv00048z0tityzi3zx8,Middlebury College,7,act25,heuristic,heuristic-review,HEURISTIC_FILL,true,false,true,5,review_heuristic_anchor_before_confident_consumption,review,review,heuristic_review,heuristic_weak_state_only_with_visible_uncertainty
cmnwr8iv00048z0tityzi3zx8,Middlebury College,7,act75,heuristic,heuristic-review,HEURISTIC_FILL,true,false,true,5,review_heuristic_anchor_before_confident_consumption,review,review,heuristic_review,heuristic_weak_state_only_with_visible_uncertainty
cmnwr8iw3004tz0ti9nqf8ivd,California College of the Arts,8,eaAcceptanceRate,missing,source-candidate-review,VERIFIED_REAL,false,true,true,1,review_candidate_evidence_before_publish,review,review,candidate_evidence_review,review_queue_only_candidate_evidence_not_a_fact
cmnwr8iw3004tz0ti9nqf8ivd,California College of the Arts,8,act25,heuristic,heuristic-review,HEURISTIC_FILL,true,false,true,1,review_heuristic_anchor_before_confident_consumption,review,review,heuristic_review,heuristic_weak_state_only_with_visible_uncertainty
cmnwr8iw3004tz0ti9nqf8ivd,California College of the Arts,8,act75,heuristic,heuristic-review,HEURISTIC_FILL,true,false,true,1,review_heuristic_anchor_before_confident_consumption,review,review,heuristic_review,heuristic_weak_state_only_with_visible_uncertainty
cmnwr8iv20049z0ti4tahvum5,Carleton College,8,act25,heuristic,heuristic-review,HEURISTIC_FILL,true,false,true,5,review_heuristic_anchor_before_confident_consumption,review,review,heuristic_review,heuristic_weak_state_only_with_visible_uncertainty
cmnwr8iv20049z0ti4tahvum5,Carleton College,8,act75,heuristic,heuristic-review,HEURISTIC_FILL,true,false,true,5,review_heuristic_anchor_before_confident_consumption,review,review,heuristic_review,heuristic_weak_state_only_with_visible_uncertainty
cmnwr8iv4004az0tioxjsp148,Claremont McKenna College,9,act25,heuristic,heuristic-review,HEURISTIC_FILL,true,false,true,5,review_heuristic_anchor_before_confident_consumption,review,review,heuristic_review,heuristic_weak_state_only_with_visible_uncertainty
cmnwr8iv4004az0tioxjsp148,Claremont McKenna College,9,act75,heuristic,heuristic-review,HEURISTIC_FILL,true,false,true,5,review_heuristic_anchor_before_confident_consumption,review,review,heuristic_review,heuristic_weak_state_only_with_visible_uncertainty
cmnwr8iv5004bz0ti94b7ow5h,Hamilton College,10,act25,heuristic,heuristic-review,HEURISTIC_FILL,true,false,true,5,review_heuristic_anchor_before_confident_consumption,review,review,heuristic_review,heuristic_weak_state_only_with_visible_uncertainty
cmnwr8iv5004bz0ti94b7ow5h,Hamilton College,10,act75,heuristic,heuristic-review,HEURISTIC_FILL,true,false,true,5,review_heuristic_anchor_before_confident_consumption,review,review,heuristic_review,heuristic_weak_state_only_with_visible_uncertainty
cmnwr8iv7004cz0tiy7lyda2g,Haverford College,11,act25,heuristic,heuristic-review,HEURISTIC_FILL,true,false,true,5,review_heuristic_anchor_before_confident_consumption,review,review,heuristic_review,heuristic_weak_state_only_with_visible_uncertainty
cmnwr8iv7004cz0tiy7lyda2g,Haverford College,11,act75,heuristic,heuristic-review,HEURISTIC_FILL,true,false,true,5,review_heuristic_anchor_before_confident_consumption,review,review,heuristic_review,heuristic_weak_state_only_with_visible_uncertainty
cmnwr8iv9004dz0tirpo4zq16,Vassar College,12,act25,heuristic,heuristic-review,HEURISTIC_FILL,true,false,true,5,review_heuristic_anchor_before_confident_consumption,review,review,heuristic_review,heuristic_weak_state_only_with_visible_uncertainty
cmnwr8iv9004dz0tirpo4zq16,Vassar College,12,act75,heuristic,heuristic-review,HEURISTIC_FILL,true,false,true,5,review_heuristic_anchor_before_confident_consumption,review,review,heuristic_review,heuristic_weak_state_only_with_visible_uncertainty
cmnwr8ivb004ez0tiduer8l0n,Grinnell College,13,act25,heuristic,heuristic-review,HEURISTIC_FILL,true,false,true,5,review_heuristic_anchor_before_confident_consumption,review,review,heuristic_review,heuristic_weak_state_only_with_visible_uncertainty
cmnwr8ivb004ez0tiduer8l0n,Grinnell College,13,act75,heuristic,heuristic-review,HEURISTIC_FILL,true,false,true,5,review_heuristic_anchor_before_confident_consumption,review,review,heuristic_review,heuristic_weak_state_only_with_visible_uncertainty
cmnwr8ivd004fz0tiwbcr93y2,Colgate University,14,act25,heuristic,heuristic-review,HEURISTIC_FILL,true,false,true,4,review_heuristic_anchor_before_confident_consumption,review,review,heuristic_review,heuristic_weak_state_only_with_visible_uncertainty
cmnwr8ivd004fz0tiwbcr93y2,Colgate University,14,act75,heuristic,heuristic-review,HEURISTIC_FILL,true,false,true,4,review_heuristic_anchor_before_confident_consumption,review,review,heuristic_review,heuristic_weak_state_only_with_visible_uncertainty
cmnwr8ive004gz0tihs1kxbek,Davidson College,15,act25,heuristic,heuristic-review,HEURISTIC_FILL,true,false,true,5,review_heuristic_anchor_before_confident_consumption,review,review,heuristic_review,heuristic_weak_state_only_with_visible_uncertainty
cmnwr8ive004gz0tihs1kxbek,Davidson College,15,act75,heuristic,heuristic-review,HEURISTIC_FILL,true,false,true,5,review_heuristic_anchor_before_confident_consumption,review,review,heuristic_review,heuristic_weak_state_only_with_visible_uncertainty
cmnwr8ivg004hz0ti8c1ggiw8,Smith College,16,act25,heuristic,heuristic-review,HEURISTIC_FILL,true,false,true,4,review_heuristic_anchor_before_confident_consumption,review,review,heuristic_review,heuristic_weak_state_only_with_visible_uncertainty
cmnwr8ivg004hz0ti8c1ggiw8,Smith College,16,act75,heuristic,heuristic-review,HEURISTIC_FILL,true,false,true,4,review_heuristic_anchor_before_confident_consumption,review,review,heuristic_review,heuristic_weak_state_only_with_visible_uncertainty
cmnwr8ivi004iz0tinveg964v,Washington and Lee University,17,act25,heuristic,heuristic-review,HEURISTIC_FILL,true,false,true,5,review_heuristic_anchor_before_confident_consumption,review,review,heuristic_review,heuristic_weak_state_only_with_visible_uncertainty
cmnwr8ivi004iz0tinveg964v,Washington and Lee University,17,act75,heuristic,heuristic-review,HEURISTIC_FILL,true,false,true,5,review_heuristic_anchor_before_confident_consumption,review,review,heuristic_review,heuristic_weak_state_only_with_visible_uncertainty
cmnwr8ivj004jz0tij2m7ox54,Colby College,18,act25,heuristic,heuristic-review,HEURISTIC_FILL,true,false,true,2,review_heuristic_anchor_before_confident_consumption,review,review,heuristic_review,heuristic_weak_state_only_with_visible_uncertainty
cmnwr8ivj004jz0tij2m7ox54,Colby College,18,act75,heuristic,heuristic-review,HEURISTIC_FILL,true,false,true,2,review_heuristic_anchor_before_confident_consumption,review,review,heuristic_review,heuristic_weak_state_only_with_visible_uncertainty
cmnwr8ivl004kz0tiv0vgf6c6,Bates College,19,act25,heuristic,heuristic-review,HEURISTIC_FILL,true,false,true,5,review_heuristic_anchor_before_confident_consumption,review,review,heuristic_review,heuristic_weak_state_only_with_visible_uncertainty
cmnwr8ivl004kz0tiv0vgf6c6,Bates College,19,act75,heuristic,heuristic-review,HEURISTIC_FILL,true,false,true,5,review_heuristic_anchor_before_confident_consumption,review,review,heuristic_review,heuristic_weak_state_only_with_visible_uncertainty
cmnwr8ivm004lz0tio6m2uic4,Barnard College,20,act25,heuristic,heuristic-review,HEURISTIC_FILL,true,false,true,5,review_heuristic_anchor_before_confident_consumption,review,review,heuristic_review,heuristic_weak_state_only_with_visible_uncertainty
cmnwr8ivm004lz0tio6m2uic4,Barnard College,20,act75,heuristic,heuristic-review,HEURISTIC_FILL,true,false,true,5,review_heuristic_anchor_before_confident_consumption,review,review,heuristic_review,heuristic_weak_state_only_with_visible_uncertainty
cmn1htkoa000kvqf2oqm36hw5,"University of Michigan, Ann Arbor",21,eaAcceptanceRate,missing,source-candidate-review,VERIFIED_REAL,false,true,true,5,review_candidate_evidence_before_publish,review,review,candidate_evidence_review,review_queue_only_candidate_evidence_not_a_fact
cmn1htkoa000kvqf2oqm36hw5,"University of Michigan, Ann Arbor",21,intlAcceptanceRate,missing,needs-source-search,VERIFIED_REAL,false,true,false,0,source_search_required,source_search,source-search,source_search_required,do_not_use_for_confident_prediction_claims_until_sourced
cmn1htkoa000kvqf2oqm36hw5,"University of Michigan, Ann Arbor",21,oosAcceptanceRate,missing,source-candidate-review,VERIFIED_REAL,false,true,true,1,review_candidate_evidence_before_publish,review,review,candidate_evidence_review,review_queue_only_candidate_evidence_not_a_fact
cmn1htkoc000lvqf2s5pgbhxx,Georgetown University,22,eaAcceptanceRate,legacy,source-candidate-review,,true,true,true,3,review_candidate_evidence_before_publish,review,review,candidate_evidence_review,review_queue_only_candidate_evidence_not_a_fact
cmn1htkoe000mvqf2odaszvmk,University of North Carolina at Chapel Hill,22,eaAcceptanceRate,missing,source-candidate-review,VERIFIED_REAL,false,true,true,5,review_candidate_evidence_before_publish,review,review,candidate_evidence_review,review_queue_only_candidate_evidence_not_a_fact
cmn1htkoz000uvqf2rnozc3fe,University of Southern California,28,eaAcceptanceRate,legacy,source-candidate-review,,true,true,true,5,review_candidate_evidence_before_publish,review,review,candidate_evidence_review,review_queue_only_candidate_evidence_not_a_fact
cmn1htkp1000vvqf2iogfyk82,University of Texas at Austin,32,sat25,legacy,source-candidate-review,,true,true,true,3,review_candidate_evidence_before_publish,review,review,candidate_evidence_review,review_queue_only_candidate_evidence_not_a_fact
cmn1htkp1000vvqf2iogfyk82,University of Texas at Austin,32,sat75,legacy,source-candidate-review,,true,true,true,3,review_candidate_evidence_before_publish,review,review,candidate_evidence_review,review_queue_only_candidate_evidence_not_a_fact
cmn1htkp4000wvqf2ah317ku6,Georgia Institute of Technology,33,eaAcceptanceRate,legacy,source-candidate-review,,true,true,true,5,review_candidate_evidence_before_publish,review,review,candidate_evidence_review,review_queue_only_candidate_evidence_not_a_fact
cmn1htkq60019vqf2lmijsj2s,"University of Maryland, College Park",46,eaAcceptanceRate,legacy,source-candidate-review,,true,true,true,1,review_candidate_evidence_before_publish,review,review,candidate_evidence_review,review_queue_only_candidate_evidence_not_a_fact
cmn1htkqf001cvqf2vdqpa1he,University of Georgia,47,eaAcceptanceRate,legacy,source-candidate-review,,true,true,true,5,review_candidate_evidence_before_publish,review,review,candidate_evidence_review,review_queue_only_candidate_evidence_not_a_fact
cmnwr8iun0041z0tin8tw3f6b,Villanova University,52,act25,heuristic,heuristic-review,HEURISTIC_FILL,true,false,true,5,review_heuristic_anchor_before_confident_consumption,review,review,heuristic_review,heuristic_weak_state_only_with_visible_uncertainty
cmnwr8iun0041z0tin8tw3f6b,Villanova University,52,act75,heuristic,heuristic-review,HEURISTIC_FILL,true,false,true,5,review_heuristic_anchor_before_confident_consumption,review,review,heuristic_review,heuristic_weak_state_only_with_visible_uncertainty
cmnwr8im30004z0tip77mx1gm,Northeastern University,53,eaAcceptanceRate,legacy,source-candidate-review,,true,true,true,4,review_candidate_evidence_before_publish,review,review,candidate_evidence_review,review_queue_only_candidate_evidence_not_a_fact
cmnwr8itq003pz0tirhvysbdj,"University of Minnesota, Twin Cities",53,act25,heuristic,heuristic-review,HEURISTIC_FILL,true,false,true,5,review_heuristic_anchor_before_confident_consumption,review,review,heuristic_review,heuristic_weak_state_only_with_visible_uncertainty
cmnwr8itq003pz0tirhvysbdj,"University of Minnesota, Twin Cities",53,act75,heuristic,heuristic-review,HEURISTIC_FILL,true,false,true,5,review_heuristic_anchor_before_confident_consumption,review,review,heuristic_review,heuristic_weak_state_only_with_visible_uncertainty
cmnwr8imj000dz0tif3r9fq0l,University of Connecticut,58,edAcceptanceRate,legacy,source-candidate-review,,true,true,true,5,review_candidate_evidence_before_publish,review,review,candidate_evidence_review,review_queue_only_candidate_evidence_not_a_fact
cmnwr8imi000cz0tifntjkili,Syracuse University,60,edAcceptanceRate,legacy,source-candidate-review,,true,true,true,2,review_candidate_evidence_before_publish,review,review,candidate_evidence_review,review_queue_only_candidate_evidence_not_a_fact
cmnwr8imx000lz0tiez2ik9eg,Pennsylvania State University,61,eaAcceptanceRate,legacy,source-candidate-review,,true,true,true,4,review_candidate_evidence_before_publish,review,review,candidate_evidence_review,review_queue_only_candidate_evidence_not_a_fact
cmnwr8itr003qz0tihoo9onta,Penn State University,67,act25,heuristic,heuristic-review,HEURISTIC_FILL,true,false,true,2,review_heuristic_anchor_before_confident_consumption,review,review,heuristic_review,heuristic_weak_state_only_with_visible_uncertainty
cmnwr8itr003qz0tihoo9onta,Penn State University,67,act75,heuristic,heuristic-review,HEURISTIC_FILL,true,false,true,2,review_heuristic_anchor_before_confident_consumption,review,review,heuristic_review,heuristic_weak_state_only_with_visible_uncertainty
cmnwr8iqv002cz0ti57kn9m2m,SUNY Binghamton University,73,act25,heuristic,heuristic-review,HEURISTIC_FILL,true,false,true,4,review_heuristic_anchor_before_confident_consumption,review,review,heuristic_review,heuristic_weak_state_only_with_visible_uncertainty
cmnwr8iqv002cz0ti57kn9m2m,SUNY Binghamton University,73,act75,heuristic,heuristic-review,HEURISTIC_FILL,true,false,true,4,review_heuristic_anchor_before_confident_consumption,review,review,heuristic_review,heuristic_weak_state_only_with_visible_uncertainty
cmnwr8ing000vz0tizgajtqeo,University of Colorado Boulder,74,intlAcceptanceRate,legacy,legacy-provenance-review,,true,true,false,0,review_legacy_value_missing_audit_grade_provenance,review,review,legacy_value_review,weak_state_only_until_provenance_backfilled_or_terminal
cmnwr8ing000vz0tizgajtqeo,University of Colorado Boulder,74,oosAcceptanceRate,legacy,legacy-provenance-review,,true,true,false,0,review_legacy_value_missing_audit_grade_provenance,review,review,legacy_value_review,weak_state_only_until_provenance_backfilled_or_terminal
cmnwr8ing000vz0tizgajtqeo,University of Colorado Boulder,74,sat25,legacy,source-candidate-review,,true,true,true,3,review_candidate_evidence_before_publish,review,review,candidate_evidence_review,review_queue_only_candidate_evidence_not_a_fact
cmnwr8ing000vz0tizgajtqeo,University of Colorado Boulder,74,sat75,legacy,source-candidate-review,,true,true,true,3,review_candidate_evidence_before_publish,review,review,candidate_evidence_review,review_queue_only_candidate_evidence_not_a_fact
cmnwr8ing000vz0tizgajtqeo,University of Colorado Boulder,74,acceptanceRate,legacy,source-candidate-review,,true,true,true,4,review_candidate_evidence_before_publish,review,review,candidate_evidence_review,review_queue_only_candidate_evidence_not_a_fact
cmnwr8itt003rz0tizqmu1u5h,Yeshiva University,74,act25,heuristic,heuristic-review,HEURISTIC_FILL,true,false,true,2,review_heuristic_anchor_before_confident_consumption,review,review,heuristic_review,heuristic_weak_state_only_with_visible_uncertainty
cmnwr8itt003rz0tizqmu1u5h,Yeshiva University,74,act75,heuristic,heuristic-review,HEURISTIC_FILL,true,false,true,2,review_heuristic_anchor_before_confident_consumption,review,review,heuristic_review,heuristic_weak_state_only_with_visible_uncertainty
cmnwr8ity003tz0tie2nazej1,American University,79,act25,heuristic,heuristic-review,HEURISTIC_FILL,true,false,true,5,review_heuristic_anchor_before_confident_consumption,review,review,heuristic_review,heuristic_weak_state_only_with_visible_uncertainty
cmnwr8ity003tz0tie2nazej1,American University,79,act75,heuristic,heuristic-review,HEURISTIC_FILL,true,false,true,5,review_heuristic_anchor_before_confident_consumption,review,review,heuristic_review,heuristic_weak_state_only_with_visible_uncertainty
cmnwr8itw003sz0ti2fueoy2e,Baylor University,79,act25,heuristic,heuristic-review,HEURISTIC_FILL,true,false,true,5,review_heuristic_anchor_before_confident_consumption,review,review,heuristic_review,heuristic_weak_state_only_with_visible_uncertainty
cmnwr8itw003sz0ti2fueoy2e,Baylor University,79,act75,heuristic,heuristic-review,HEURISTIC_FILL,true,false,true,5,review_heuristic_anchor_before_confident_consumption,review,review,heuristic_review,heuristic_weak_state_only_with_visible_uncertainty
cmnwr8iuk0040z0ti7p8v604n,Gonzaga University,79,act25,heuristic,heuristic-review,HEURISTIC_FILL,true,false,true,1,review_heuristic_anchor_before_confident_consumption,review,review,heuristic_review,heuristic_weak_state_only_with_visible_uncertainty
cmnwr8iuk0040z0ti7p8v604n,Gonzaga University,79,act75,heuristic,heuristic-review,HEURISTIC_FILL,true,false,true,1,review_heuristic_anchor_before_confident_consumption,review,review,heuristic_review,heuristic_weak_state_only_with_visible_uncertainty
cmnwr8inl000yz0ti6wsiqcrv,Marquette University,79,eaAcceptanceRate,missing,source-candidate-review,VERIFIED_REAL,false,true,true,5,review_candidate_evidence_before_publish,review,review,candidate_evidence_review,review_queue_only_candidate_evidence_not_a_fact
cmnwr8io20018z0tizk1tsitd,North Carolina State University,79,eaAcceptanceRate,missing,source-candidate-review,VERIFIED_REAL,false,true,true,2,review_candidate_evidence_before_publish,review,review,candidate_evidence_review,review_queue_only_candidate_evidence_not_a_fact
cmnwr8ins0012z0ti4o8njwhn,Stony Brook University,79,eaAcceptanceRate,missing,source-candidate-review,VERIFIED_REAL,false,true,true,1,review_candidate_evidence_before_publish,review,review,candidate_evidence_review,review_queue_only_candidate_evidence_not_a_fact
cmnwr8iud003yz0tinuqfaa54,University of Denver,90,act25,heuristic,heuristic-review,HEURISTIC_FILL,true,false,true,5,review_heuristic_anchor_before_confident_consumption,review,review,heuristic_review,heuristic_weak_state_only_with_visible_uncertainty
cmnwr8iud003yz0tinuqfaa54,University of Denver,90,act75,heuristic,heuristic-review,HEURISTIC_FILL,true,false,true,5,review_heuristic_anchor_before_confident_consumption,review,review,heuristic_review,heuristic_weak_state_only_with_visible_uncertainty
cmnwr8iuf003zz0ti12pe3iq1,University of San Diego,90,act25,heuristic,heuristic-review,HEURISTIC_FILL,true,false,true,5,review_heuristic_anchor_before_confident_consumption,review,review,heuristic_review,heuristic_weak_state_only_with_visible_uncertainty
cmnwr8iuf003zz0ti12pe3iq1,University of San Diego,90,act75,heuristic,heuristic-review,HEURISTIC_FILL,true,false,true,5,review_heuristic_anchor_before_confident_consumption,review,review,heuristic_review,heuristic_weak_state_only_with_visible_uncertainty
cmnwr8iu0003uz0ti43l07p17,Worcester Polytechnic Institute,90,sat25,legacy,source-candidate-review,,true,true,true,2,review_candidate_evidence_before_publish,review,review,candidate_evidence_review,review_queue_only_candidate_evidence_not_a_fact
cmnwr8iu0003uz0ti43l07p17,Worcester Polytechnic Institute,90,sat75,legacy,source-candidate-review,,true,true,true,2,review_candidate_evidence_before_publish,review,review,candidate_evidence_review,review_queue_only_candidate_evidence_not_a_fact
cmnwr8iu0003uz0ti43l07p17,Worcester Polytechnic Institute,90,act25,heuristic,heuristic-review,HEURISTIC_FILL,true,false,true,2,review_heuristic_anchor_before_confident_consumption,review,review,heuristic_review,heuristic_weak_state_only_with_visible_uncertainty
cmnwr8iu0003uz0ti43l07p17,Worcester Polytechnic Institute,90,act75,heuristic,heuristic-review,HEURISTIC_FILL,true,false,true,2,review_heuristic_anchor_before_confident_consumption,review,review,heuristic_review,heuristic_weak_state_only_with_visible_uncertainty
cmnwr8ime000az0ti9ts1sd20,Colorado School of Mines,95,intlAcceptanceRate,missing,needs-source-search,VERIFIED_REAL,false,true,false,0,source_search_required,source_search,source-search,source_search_required,do_not_use_for_confident_prediction_claims_until_sourced
cmnwr8ime000az0ti9ts1sd20,Colorado School of Mines,95,oosAcceptanceRate,missing,needs-source-search,VERIFIED_REAL,false,true,false,0,source_search_required,source_search,source-search,source_search_required,do_not_use_for_confident_prediction_claims_until_sourced
cmnwr8iu3003vz0tig0fa53lf,Howard University,95,act25,heuristic,heuristic-review,HEURISTIC_FILL,true,false,true,3,review_heuristic_anchor_before_confident_consumption,review,review,heuristic_review,heuristic_weak_state_only_with_visible_uncertainty
cmnwr8iu3003vz0tig0fa53lf,Howard University,95,act75,heuristic,heuristic-review,HEURISTIC_FILL,true,false,true,3,review_heuristic_anchor_before_confident_consumption,review,review,heuristic_review,heuristic_weak_state_only_with_visible_uncertainty
cmnwr8iu6003wz0tio3oagiri,Rochester Institute of Technology,95,act25,heuristic,heuristic-review,HEURISTIC_FILL,true,false,true,3,review_heuristic_anchor_before_confident_consumption,review,review,heuristic_review,heuristic_weak_state_only_with_visible_uncertainty
cmnwr8iu6003wz0tio3oagiri,Rochester Institute of Technology,95,act75,heuristic,heuristic-review,HEURISTIC_FILL,true,false,true,3,review_heuristic_anchor_before_confident_consumption,review,review,heuristic_review,heuristic_weak_state_only_with_visible_uncertainty
cmnwr8iua003xz0tio2zj4a4z,Saint Louis University,95,sat25,legacy,source-candidate-review,,true,true,true,1,review_candidate_evidence_before_publish,review,review,candidate_evidence_review,review_queue_only_candidate_evidence_not_a_fact
cmnwr8iua003xz0tio2zj4a4z,Saint Louis University,95,sat75,legacy,source-candidate-review,,true,true,true,1,review_candidate_evidence_before_publish,review,review,candidate_evidence_review,review_queue_only_candidate_evidence_not_a_fact
cmnwr8iua003xz0tio2zj4a4z,Saint Louis University,95,act25,heuristic,heuristic-review,HEURISTIC_FILL,true,false,true,1,review_heuristic_anchor_before_confident_consumption,review,review,heuristic_review,heuristic_weak_state_only_with_visible_uncertainty
cmnwr8iua003xz0tio2zj4a4z,Saint Louis University,95,act75,heuristic,heuristic-review,HEURISTIC_FILL,true,false,true,1,review_heuristic_anchor_before_confident_consumption,review,review,heuristic_review,heuristic_weak_state_only_with_visible_uncertainty
cmnwr8io7001bz0tihu5wo9mh,Rutgers University-Newark,97,sat25,legacy,source-candidate-review,,true,true,true,5,review_candidate_evidence_before_publish,review,review,candidate_evidence_review,review_queue_only_candidate_evidence_not_a_fact
cmnwr8io7001bz0tihu5wo9mh,Rutgers University-Newark,97,sat75,legacy,source-candidate-review,,true,true,true,5,review_candidate_evidence_before_publish,review,review,candidate_evidence_review,review_queue_only_candidate_evidence_not_a_fact
cmnwr8ioe001ez0tii04p5pvd,DePaul University,105,act25,heuristic,heuristic-review,HEURISTIC_FILL,true,false,true,5,review_heuristic_anchor_before_confident_consumption,review,review,heuristic_review,heuristic_weak_state_only_with_visible_uncertainty
cmnwr8ioe001ez0tii04p5pvd,DePaul University,105,act75,heuristic,heuristic-review,HEURISTIC_FILL,true,false,true,5,review_heuristic_anchor_before_confident_consumption,review,review,heuristic_review,heuristic_weak_state_only_with_visible_uncertainty
cmnwr8ioi001fz0tivlt104p7,Seton Hall University,105,sat25,legacy,source-candidate-review,,true,true,true,2,review_candidate_evidence_before_publish,review,review,candidate_evidence_review,review_queue_only_candidate_evidence_not_a_fact
cmnwr8ioi001fz0tivlt104p7,Seton Hall University,105,sat75,legacy,source-candidate-review,,true,true,true,2,review_candidate_evidence_before_publish,review,review,candidate_evidence_review,review_queue_only_candidate_evidence_not_a_fact
cmnwr8ioi001fz0tivlt104p7,Seton Hall University,105,act25,heuristic,heuristic-review,HEURISTIC_FILL,true,false,true,1,review_heuristic_anchor_before_confident_consumption,review,review,heuristic_review,heuristic_weak_state_only_with_visible_uncertainty
cmnwr8ioi001fz0tivlt104p7,Seton Hall University,105,act75,heuristic,heuristic-review,HEURISTIC_FILL,true,false,true,1,review_heuristic_anchor_before_confident_consumption,review,review,heuristic_review,heuristic_weak_state_only_with_visible_uncertainty
cmnwr8iol001gz0ticdgvwjkf,University of San Francisco,105,act25,heuristic,heuristic-review,HEURISTIC_FILL,true,false,true,1,review_heuristic_anchor_before_confident_consumption,review,review,heuristic_review,heuristic_weak_state_only_with_visible_uncertainty
cmnwr8iol001gz0ticdgvwjkf,University of San Francisco,105,act75,heuristic,heuristic-review,HEURISTIC_FILL,true,false,true,1,review_heuristic_anchor_before_confident_consumption,review,review,heuristic_review,heuristic_weak_state_only_with_visible_uncertainty
cmnwr8ioo001hz0tim3isqwz9,Clarkson University,110,act25,heuristic,heuristic-review,HEURISTIC_FILL,true,false,true,1,review_heuristic_anchor_before_confident_consumption,review,review,heuristic_review,heuristic_weak_state_only_with_visible_uncertainty
cmnwr8ioo001hz0tim3isqwz9,Clarkson University,110,act75,heuristic,heuristic-review,HEURISTIC_FILL,true,false,true,1,review_heuristic_anchor_before_confident_consumption,review,review,heuristic_review,heuristic_weak_state_only_with_visible_uncertainty
cmnwr8iou001jz0tig866z8pb,San Diego State University,110,act25,heuristic,heuristic-review,HEURISTIC_FILL,true,false,true,1,review_heuristic_anchor_before_confident_consumption,review,review,heuristic_review,heuristic_weak_state_only_with_visible_uncertainty
cmnwr8iou001jz0tig866z8pb,San Diego State University,110,act75,heuristic,heuristic-review,HEURISTIC_FILL,true,false,true,1,review_heuristic_anchor_before_confident_consumption,review,review,heuristic_review,heuristic_weak_state_only_with_visible_uncertainty
cmnwr8ioy001kz0ti85qspr1l,The New School,110,act25,heuristic,heuristic-review,HEURISTIC_FILL,true,false,true,2,review_heuristic_anchor_before_confident_consumption,review,review,heuristic_review,heuristic_weak_state_only_with_visible_uncertainty
cmnwr8ioy001kz0ti85qspr1l,The New School,110,act75,heuristic,heuristic-review,HEURISTIC_FILL,true,false,true,2,review_heuristic_anchor_before_confident_consumption,review,review,heuristic_review,heuristic_weak_state_only_with_visible_uncertainty
cmnwr8ior001iz0tibsba6d2o,University of Kentucky,110,act25,heuristic,heuristic-review,HEURISTIC_FILL,true,false,true,1,review_heuristic_anchor_before_confident_consumption,review,review,heuristic_review,heuristic_weak_state_only_with_visible_uncertainty
cmnwr8ior001iz0tibsba6d2o,University of Kentucky,110,act75,heuristic,heuristic-review,HEURISTIC_FILL,true,false,true,1,review_heuristic_anchor_before_confident_consumption,review,review,heuristic_review,heuristic_weak_state_only_with_visible_uncertainty
cmnwr8inx0015z0tix5dndhpi,Arizona State University,115,sat25,legacy,source-candidate-review,,true,true,true,3,review_candidate_evidence_before_publish,review,review,candidate_evidence_review,review_queue_only_candidate_evidence_not_a_fact
cmnwr8inx0015z0tix5dndhpi,Arizona State University,115,sat75,legacy,source-candidate-review,,true,true,true,3,review_candidate_evidence_before_publish,review,review,candidate_evidence_review,review_queue_only_candidate_evidence_not_a_fact
cmnwr8ipa001oz0tionb7y3gm,Loyola University Chicago,115,act25,heuristic,heuristic-review,HEURISTIC_FILL,true,false,true,5,review_heuristic_anchor_before_confident_consumption,review,review,heuristic_review,heuristic_weak_state_only_with_visible_uncertainty
cmnwr8ipa001oz0tionb7y3gm,Loyola University Chicago,115,act75,heuristic,heuristic-review,HEURISTIC_FILL,true,false,true,5,review_heuristic_anchor_before_confident_consumption,review,review,heuristic_review,heuristic_weak_state_only_with_visible_uncertainty
cmnwr8ip1001lz0ti51lr5gad,University of Alabama,115,act25,heuristic,heuristic-review,HEURISTIC_FILL,true,false,true,2,review_heuristic_anchor_before_confident_consumption,review,review,heuristic_review,heuristic_weak_state_only_with_visible_uncertainty
cmnwr8ip1001lz0ti51lr5gad,University of Alabama,115,act75,heuristic,heuristic-review,HEURISTIC_FILL,true,false,true,2,review_heuristic_anchor_before_confident_consumption,review,review,heuristic_review,heuristic_weak_state_only_with_visible_uncertainty
cmnwr8ip7001nz0ti6qy76djw,University of Missouri,115,act25,heuristic,heuristic-review,HEURISTIC_FILL,true,false,true,1,review_heuristic_anchor_before_confident_consumption,review,review,heuristic_review,heuristic_weak_state_only_with_visible_uncertainty
cmnwr8ip7001nz0ti6qy76djw,University of Missouri,115,act75,heuristic,heuristic-review,HEURISTIC_FILL,true,false,true,1,review_heuristic_anchor_before_confident_consumption,review,review,heuristic_review,heuristic_weak_state_only_with_visible_uncertainty
cmnwr8ip3001mz0til7q2dopw,University of Oklahoma,115,act25,heuristic,heuristic-review,HEURISTIC_FILL,true,false,false,0,review_heuristic_anchor_before_confident_consumption,review,review,heuristic_review,heuristic_weak_state_only_with_visible_uncertainty
cmnwr8ip3001mz0til7q2dopw,University of Oklahoma,115,act75,heuristic,heuristic-review,HEURISTIC_FILL,true,false,false,0,review_heuristic_anchor_before_confident_consumption,review,review,heuristic_review,heuristic_weak_state_only_with_visible_uncertainty
cmnwr8iwx0059z0tilcfiwj80,University of Texas at Dallas,115,act25,heuristic,heuristic-review,HEURISTIC_FILL,true,false,true,3,review_heuristic_anchor_before_confident_consumption,review,review,heuristic_review,heuristic_weak_state_only_with_visible_uncertainty
cmnwr8iwx0059z0tilcfiwj80,University of Texas at Dallas,115,act75,heuristic,heuristic-review,HEURISTIC_FILL,true,false,true,3,review_heuristic_anchor_before_confident_consumption,review,review,heuristic_review,heuristic_weak_state_only_with_visible_uncertainty
cmnwr8ipc001pz0tiz0bgth66,Iowa State University,120,act25,heuristic,heuristic-review,HEURISTIC_FILL,true,false,true,1,review_heuristic_anchor_before_confident_consumption,review,review,heuristic_review,heuristic_weak_state_only_with_visible_uncertainty
cmnwr8ipc001pz0tiz0bgth66,Iowa State University,120,act75,heuristic,heuristic-review,HEURISTIC_FILL,true,false,true,1,review_heuristic_anchor_before_confident_consumption,review,review,heuristic_review,heuristic_weak_state_only_with_visible_uncertainty
cmnwr8ipj001rz0tipapk15or,University of Nebraska-Lincoln,120,act25,heuristic,heuristic-review,HEURISTIC_FILL,true,false,true,4,review_heuristic_anchor_before_confident_consumption,review,review,heuristic_review,heuristic_weak_state_only_with_visible_uncertainty
cmnwr8ipj001rz0tipapk15or,University of Nebraska-Lincoln,120,act75,heuristic,heuristic-review,HEURISTIC_FILL,true,false,true,4,review_heuristic_anchor_before_confident_consumption,review,review,heuristic_review,heuristic_weak_state_only_with_visible_uncertainty
cmnwr8ipf001qz0ti3d3001d9,University of Tennessee,120,act25,heuristic,heuristic-review,HEURISTIC_FILL,true,false,true,3,review_heuristic_anchor_before_confident_consumption,review,review,heuristic_review,heuristic_weak_state_only_with_visible_uncertainty
cmnwr8ipf001qz0ti3d3001d9,University of Tennessee,120,act75,heuristic,heuristic-review,HEURISTIC_FILL,true,false,true,3,review_heuristic_anchor_before_confident_consumption,review,review,heuristic_review,heuristic_weak_state_only_with_visible_uncertainty
cmnwr8ipv001vz0tiqnippgu6,Colorado State University,125,sat25,legacy,source-candidate-review,,true,true,true,4,review_candidate_evidence_before_publish,review,review,candidate_evidence_review,review_queue_only_candidate_evidence_not_a_fact
cmnwr8ipv001vz0tiqnippgu6,Colorado State University,125,sat75,legacy,source-candidate-review,,true,true,true,4,review_candidate_evidence_before_publish,review,review,candidate_evidence_review,review_queue_only_candidate_evidence_not_a_fact
cmnwr8ipv001vz0tiqnippgu6,Colorado State University,125,act25,heuristic,heuristic-review,HEURISTIC_FILL,true,false,true,3,review_heuristic_anchor_before_confident_consumption,review,review,heuristic_review,heuristic_weak_state_only_with_visible_uncertainty
cmnwr8ipv001vz0tiqnippgu6,Colorado State University,125,act75,heuristic,heuristic-review,HEURISTIC_FILL,true,false,true,3,review_heuristic_anchor_before_confident_consumption,review,review,heuristic_review,heuristic_weak_state_only_with_visible_uncertainty
cmnwr8ipm001sz0tixvcr2p30,Oregon State University,125,act25,heuristic,heuristic-review,HEURISTIC_FILL,true,false,true,5,review_heuristic_anchor_before_confident_consumption,review,review,heuristic_review,heuristic_weak_state_only_with_visible_uncertainty
cmnwr8ipm001sz0tixvcr2p30,Oregon State University,125,act75,heuristic,heuristic-review,HEURISTIC_FILL,true,false,true,5,review_heuristic_anchor_before_confident_consumption,review,review,heuristic_review,heuristic_weak_state_only_with_visible_uncertainty
cmnwr8ipt001uz0tivghae5e1,University of Cincinnati,125,act25,heuristic,heuristic-review,HEURISTIC_FILL,true,false,true,5,review_heuristic_anchor_before_confident_consumption,review,review,heuristic_review,heuristic_weak_state_only_with_visible_uncertainty
cmnwr8ipt001uz0tivghae5e1,University of Cincinnati,125,act75,heuristic,heuristic-review,HEURISTIC_FILL,true,false,true,5,review_heuristic_anchor_before_confident_consumption,review,review,heuristic_review,heuristic_weak_state_only_with_visible_uncertainty
cmnwr8ipr001tz0ti8x7z840u,University of New Hampshire,125,act25,heuristic,heuristic-review,HEURISTIC_FILL,true,false,true,1,review_heuristic_anchor_before_confident_consumption,review,review,heuristic_review,heuristic_weak_state_only_with_visible_uncertainty
cmnwr8ipr001tz0ti8x7z840u,University of New Hampshire,125,act75,heuristic,heuristic-review,HEURISTIC_FILL,true,false,true,1,review_heuristic_anchor_before_confident_consumption,review,review,heuristic_review,heuristic_weak_state_only_with_visible_uncertainty
cmnwr8ipx001wz0timhlbfii2,University of Vermont,125,act25,heuristic,heuristic-review,HEURISTIC_FILL,true,false,true,5,review_heuristic_anchor_before_confident_consumption,review,review,heuristic_review,heuristic_weak_state_only_with_visible_uncertainty
cmnwr8ipx001wz0timhlbfii2,University of Vermont,125,act75,heuristic,heuristic-review,HEURISTIC_FILL,true,false,true,5,review_heuristic_anchor_before_confident_consumption,review,review,heuristic_review,heuristic_weak_state_only_with_visible_uncertainty
cmnwr8ipz001xz0ti9f4tlagk,George Mason University,130,act25,heuristic,heuristic-review,HEURISTIC_FILL,true,false,true,1,review_heuristic_anchor_before_confident_consumption,review,review,heuristic_review,heuristic_weak_state_only_with_visible_uncertainty
cmnwr8ipz001xz0ti9f4tlagk,George Mason University,130,act75,heuristic,heuristic-review,HEURISTIC_FILL,true,false,true,1,review_heuristic_anchor_before_confident_consumption,review,review,heuristic_review,heuristic_weak_state_only_with_visible_uncertainty
cmnwr8iq1001yz0ti1jb6g7hi,Louisiana State University,130,act25,heuristic,heuristic-review,HEURISTIC_FILL,true,false,true,1,review_heuristic_anchor_before_confident_consumption,review,review,heuristic_review,heuristic_weak_state_only_with_visible_uncertainty
cmnwr8iq1001yz0ti1jb6g7hi,Louisiana State University,130,act75,heuristic,heuristic-review,HEURISTIC_FILL,true,false,true,1,review_heuristic_anchor_before_confident_consumption,review,review,heuristic_review,heuristic_weak_state_only_with_visible_uncertainty
cmnwr8iq40020z0tif8l8dxxu,University of Arkansas,130,act25,heuristic,heuristic-review,HEURISTIC_FILL,true,false,true,5,review_heuristic_anchor_before_confident_consumption,review,review,heuristic_review,heuristic_weak_state_only_with_visible_uncertainty
cmnwr8iq40020z0tif8l8dxxu,University of Arkansas,130,act75,heuristic,heuristic-review,HEURISTIC_FILL,true,false,true,5,review_heuristic_anchor_before_confident_consumption,review,review,heuristic_review,heuristic_weak_state_only_with_visible_uncertainty
cmnwr8iq2001zz0tiix4lbz86,University of Houston,130,act25,heuristic,heuristic-review,HEURISTIC_FILL,true,false,true,1,review_heuristic_anchor_before_confident_consumption,review,review,heuristic_review,heuristic_weak_state_only_with_visible_uncertainty
cmnwr8iq2001zz0tiix4lbz86,University of Houston,130,act75,heuristic,heuristic-review,HEURISTIC_FILL,true,false,true,1,review_heuristic_anchor_before_confident_consumption,review,review,heuristic_review,heuristic_weak_state_only_with_visible_uncertainty
cmnwr8iq70021z0titshta238,University of Hawaii at Manoa,135,act25,heuristic,heuristic-review,HEURISTIC_FILL,true,false,true,4,review_heuristic_anchor_before_confident_consumption,review,review,heuristic_review,heuristic_weak_state_only_with_visible_uncertainty
cmnwr8iq70021z0titshta238,University of Hawaii at Manoa,135,act75,heuristic,heuristic-review,HEURISTIC_FILL,true,false,true,4,review_heuristic_anchor_before_confident_consumption,review,review,heuristic_review,heuristic_weak_state_only_with_visible_uncertainty
cmnwr8iqa0022z0ti9ad68xp2,University of Rhode Island,135,act25,heuristic,heuristic-review,HEURISTIC_FILL,true,false,true,1,review_heuristic_anchor_before_confident_consumption,review,review,heuristic_review,heuristic_weak_state_only_with_visible_uncertainty
cmnwr8iqa0022z0ti9ad68xp2,University of Rhode Island,135,act75,heuristic,heuristic-review,HEURISTIC_FILL,true,false,true,1,review_heuristic_anchor_before_confident_consumption,review,review,heuristic_review,heuristic_weak_state_only_with_visible_uncertainty
cmnwr8iqc0023z0ti60klqjhy,Kansas State University,140,act25,heuristic,heuristic-review,HEURISTIC_FILL,true,false,true,2,review_heuristic_anchor_before_confident_consumption,review,review,heuristic_review,heuristic_weak_state_only_with_visible_uncertainty
cmnwr8iqc0023z0ti60klqjhy,Kansas State University,140,act75,heuristic,heuristic-review,HEURISTIC_FILL,true,false,true,2,review_heuristic_anchor_before_confident_consumption,review,review,heuristic_review,heuristic_weak_state_only_with_visible_uncertainty
cmnwr8iqf0024z0tiy29w0e1z,Missouri University of Science and Technology,140,act25,heuristic,heuristic-review,HEURISTIC_FILL,true,false,true,1,review_heuristic_anchor_before_confident_consumption,review,review,heuristic_review,heuristic_weak_state_only_with_visible_uncertainty
cmnwr8iqf0024z0tiy29w0e1z,Missouri University of Science and Technology,140,act75,heuristic,heuristic-review,HEURISTIC_FILL,true,false,true,1,review_heuristic_anchor_before_confident_consumption,review,review,heuristic_review,heuristic_weak_state_only_with_visible_uncertainty
cmnwr8iqh0025z0ti7z1ynz4s,Washington State University,140,act25,heuristic,heuristic-review,HEURISTIC_FILL,true,false,true,1,review_heuristic_anchor_before_confident_consumption,review,review,heuristic_review,heuristic_weak_state_only_with_visible_uncertainty
cmnwr8iqh0025z0ti7z1ynz4s,Washington State University,140,act75,heuristic,heuristic-review,HEURISTIC_FILL,true,false,true,1,review_heuristic_anchor_before_confident_consumption,review,review,heuristic_review,heuristic_weak_state_only_with_visible_uncertainty
cmnwr8iqk0027z0ti3qm7r15o,University of Central Florida,141,act25,heuristic,heuristic-review,HEURISTIC_FILL,true,false,true,2,review_heuristic_anchor_before_confident_consumption,review,review,heuristic_review,heuristic_weak_state_only_with_visible_uncertainty
cmnwr8iqk0027z0ti3qm7r15o,University of Central Florida,141,act75,heuristic,heuristic-review,HEURISTIC_FILL,true,false,true,2,review_heuristic_anchor_before_confident_consumption,review,review,heuristic_review,heuristic_weak_state_only_with_visible_uncertainty
cmnwr8iqi0026z0tin3vtpw1p,University of Maine,141,act25,heuristic,heuristic-review,HEURISTIC_FILL,true,false,true,3,review_heuristic_anchor_before_confident_consumption,review,review,heuristic_review,heuristic_weak_state_only_with_visible_uncertainty
cmnwr8iqi0026z0tin3vtpw1p,University of Maine,141,act75,heuristic,heuristic-review,HEURISTIC_FILL,true,false,true,3,review_heuristic_anchor_before_confident_consumption,review,review,heuristic_review,heuristic_weak_state_only_with_visible_uncertainty
cmnwr8iqp0029z0ti2wbplonv,Hofstra University,143,act25,heuristic,heuristic-review,HEURISTIC_FILL,true,false,true,1,review_heuristic_anchor_before_confident_consumption,review,review,heuristic_review,heuristic_weak_state_only_with_visible_uncertainty
cmnwr8iqp0029z0ti2wbplonv,Hofstra University,143,act75,heuristic,heuristic-review,HEURISTIC_FILL,true,false,true,1,review_heuristic_anchor_before_confident_consumption,review,review,heuristic_review,heuristic_weak_state_only_with_visible_uncertainty
cmnwr8iqm0028z0ti63txqxzg,Illinois State University,143,act25,heuristic,heuristic-review,HEURISTIC_FILL,true,false,true,2,review_heuristic_anchor_before_confident_consumption,review,review,heuristic_review,heuristic_weak_state_only_with_visible_uncertainty
cmnwr8iqm0028z0ti63txqxzg,Illinois State University,143,act75,heuristic,heuristic-review,HEURISTIC_FILL,true,false,true,2,review_heuristic_anchor_before_confident_consumption,review,review,heuristic_review,heuristic_weak_state_only_with_visible_uncertainty
cmnwr8iqr002az0ti1une85dx,Rowan University,143,act25,heuristic,heuristic-review,HEURISTIC_FILL,true,false,true,1,review_heuristic_anchor_before_confident_consumption,review,review,heuristic_review,heuristic_weak_state_only_with_visible_uncertainty
cmnwr8iqr002az0ti1une85dx,Rowan University,143,act75,heuristic,heuristic-review,HEURISTIC_FILL,true,false,true,1,review_heuristic_anchor_before_confident_consumption,review,review,heuristic_review,heuristic_weak_state_only_with_visible_uncertainty
cmnwr8iqt002bz0ti5efot7m8,Adelphi University,146,act25,heuristic,heuristic-review,HEURISTIC_FILL,true,false,true,1,review_heuristic_anchor_before_confident_consumption,review,review,heuristic_review,heuristic_weak_state_only_with_visible_uncertainty
cmnwr8iqt002bz0ti5efot7m8,Adelphi University,146,act75,heuristic,heuristic-review,HEURISTIC_FILL,true,false,true,1,review_heuristic_anchor_before_confident_consumption,review,review,heuristic_review,heuristic_weak_state_only_with_visible_uncertainty
cmnwr8iqx002dz0tigsxpge66,Mississippi State University,146,eaAcceptanceRate,missing,source-candidate-review,VERIFIED_REAL,false,true,true,1,review_candidate_evidence_before_publish,review,review,candidate_evidence_review,review_queue_only_candidate_evidence_not_a_fact
cmnwr8iqx002dz0tigsxpge66,Mississippi State University,146,act25,heuristic,heuristic-review,HEURISTIC_FILL,true,false,true,1,review_heuristic_anchor_before_confident_consumption,review,review,heuristic_review,heuristic_weak_state_only_with_visible_uncertainty
cmnwr8iqx002dz0tigsxpge66,Mississippi State University,146,act75,heuristic,heuristic-review,HEURISTIC_FILL,true,false,true,1,review_heuristic_anchor_before_confident_consumption,review,review,heuristic_review,heuristic_weak_state_only_with_visible_uncertainty
cmnwr8iqy002ez0tizit8vwvw,Ohio University,146,eaAcceptanceRate,missing,source-candidate-review,VERIFIED_REAL,false,true,true,3,review_candidate_evidence_before_publish,review,review,candidate_evidence_review,review_queue_only_candidate_evidence_not_a_fact
cmnwr8iqy002ez0tizit8vwvw,Ohio University,146,act25,heuristic,heuristic-review,HEURISTIC_FILL,true,false,true,3,review_heuristic_anchor_before_confident_consumption,review,review,heuristic_review,heuristic_weak_state_only_with_visible_uncertainty
cmnwr8iqy002ez0tizit8vwvw,Ohio University,146,act75,heuristic,heuristic-review,HEURISTIC_FILL,true,false,true,3,review_heuristic_anchor_before_confident_consumption,review,review,heuristic_review,heuristic_weak_state_only_with_visible_uncertainty
cmnwr8ir0002fz0tiuxlv8v32,Kent State University,150,act25,heuristic,heuristic-review,HEURISTIC_FILL,true,false,true,1,review_heuristic_anchor_before_confident_consumption,review,review,heuristic_review,heuristic_weak_state_only_with_visible_uncertainty
cmnwr8ir0002fz0tiuxlv8v32,Kent State University,150,act75,heuristic,heuristic-review,HEURISTIC_FILL,true,false,true,1,review_heuristic_anchor_before_confident_consumption,review,review,heuristic_review,heuristic_weak_state_only_with_visible_uncertainty
cmnwr8ir4002hz0tibdz0myoo,Ball State University,151,act25,heuristic,heuristic-review,HEURISTIC_FILL,true,false,true,1,review_heuristic_anchor_before_confident_consumption,review,review,heuristic_review,heuristic_weak_state_only_with_visible_uncertainty
cmnwr8ir4002hz0tibdz0myoo,Ball State University,151,act75,heuristic,heuristic-review,HEURISTIC_FILL,true,false,true,1,review_heuristic_anchor_before_confident_consumption,review,review,heuristic_review,heuristic_weak_state_only_with_visible_uncertainty
cmnwr8ir2002gz0tih2v6dubi,University of New Mexico,151,act25,heuristic,heuristic-review,HEURISTIC_FILL,true,false,true,1,review_heuristic_anchor_before_confident_consumption,review,review,heuristic_review,heuristic_weak_state_only_with_visible_uncertainty
cmnwr8ir2002gz0tih2v6dubi,University of New Mexico,151,act75,heuristic,heuristic-review,HEURISTIC_FILL,true,false,true,1,review_heuristic_anchor_before_confident_consumption,review,review,heuristic_review,heuristic_weak_state_only_with_visible_uncertainty
cmnwr8ir7002iz0ti11f0voua,University of Wyoming,151,act25,heuristic,heuristic-review,HEURISTIC_FILL,true,false,true,2,review_heuristic_anchor_before_confident_consumption,review,review,heuristic_review,heuristic_weak_state_only_with_visible_uncertainty
cmnwr8ir7002iz0ti11f0voua,University of Wyoming,151,act75,heuristic,heuristic-review,HEURISTIC_FILL,true,false,true,2,review_heuristic_anchor_before_confident_consumption,review,review,heuristic_review,heuristic_weak_state_only_with_visible_uncertainty
cmnwr8ira002jz0tib0nkhdsx,West Virginia University,151,act25,heuristic,heuristic-review,HEURISTIC_FILL,true,false,true,1,review_heuristic_anchor_before_confident_consumption,review,review,heuristic_review,heuristic_weak_state_only_with_visible_uncertainty
cmnwr8ira002jz0tib0nkhdsx,West Virginia University,151,act75,heuristic,heuristic-review,HEURISTIC_FILL,true,false,true,1,review_heuristic_anchor_before_confident_consumption,review,review,heuristic_review,heuristic_weak_state_only_with_visible_uncertainty
cmnwr8irh002mz0tik8qulubb,Montana State University,156,act25,heuristic,heuristic-review,HEURISTIC_FILL,true,false,true,1,review_heuristic_anchor_before_confident_consumption,review,review,heuristic_review,heuristic_weak_state_only_with_visible_uncertainty
cmnwr8irh002mz0tik8qulubb,Montana State University,156,act75,heuristic,heuristic-review,HEURISTIC_FILL,true,false,true,1,review_heuristic_anchor_before_confident_consumption,review,review,heuristic_review,heuristic_weak_state_only_with_visible_uncertainty
cmnwr8irj002nz0tief4railh,"University of Nevada, Reno",156,act25,heuristic,heuristic-review,HEURISTIC_FILL,true,false,true,2,review_heuristic_anchor_before_confident_consumption,review,review,heuristic_review,heuristic_weak_state_only_with_visible_uncertainty
cmnwr8irj002nz0tief4railh,"University of Nevada, Reno",156,act75,heuristic,heuristic-review,HEURISTIC_FILL,true,false,true,2,review_heuristic_anchor_before_confident_consumption,review,review,heuristic_review,heuristic_weak_state_only_with_visible_uncertainty
cmnwr8ird002kz0tifunyipf1,University of North Dakota,156,sat25,legacy,source-candidate-review,,true,true,true,3,review_candidate_evidence_before_publish,review,review,candidate_evidence_review,review_queue_only_candidate_evidence_not_a_fact
cmnwr8ird002kz0tifunyipf1,University of North Dakota,156,sat75,legacy,source-candidate-review,,true,true,true,3,review_candidate_evidence_before_publish,review,review,candidate_evidence_review,review_queue_only_candidate_evidence_not_a_fact
cmnwr8ird002kz0tifunyipf1,University of North Dakota,156,act25,heuristic,heuristic-review,HEURISTIC_FILL,true,false,true,1,review_heuristic_anchor_before_confident_consumption,review,review,heuristic_review,heuristic_weak_state_only_with_visible_uncertainty
cmnwr8ird002kz0tifunyipf1,University of North Dakota,156,act75,heuristic,heuristic-review,HEURISTIC_FILL,true,false,true,1,review_heuristic_anchor_before_confident_consumption,review,review,heuristic_review,heuristic_weak_state_only_with_visible_uncertainty
cmnwr8irf002lz0titpd5mufz,University of South Dakota,156,act25,heuristic,heuristic-review,HEURISTIC_FILL,true,false,true,1,review_heuristic_anchor_before_confident_consumption,review,review,heuristic_review,heuristic_weak_state_only_with_visible_uncertainty
cmnwr8irf002lz0titpd5mufz,University of South Dakota,156,act75,heuristic,heuristic-review,HEURISTIC_FILL,true,false,true,1,review_heuristic_anchor_before_confident_consumption,review,review,heuristic_review,heuristic_weak_state_only_with_visible_uncertainty
cmnwr8irl002oz0tiyc5w37jx,Portland State University,160,act25,heuristic,heuristic-review,HEURISTIC_FILL,true,false,true,1,review_heuristic_anchor_before_confident_consumption,review,review,heuristic_review,heuristic_weak_state_only_with_visible_uncertainty
cmnwr8irl002oz0tiyc5w37jx,Portland State University,160,act75,heuristic,heuristic-review,HEURISTIC_FILL,true,false,true,1,review_heuristic_anchor_before_confident_consumption,review,review,heuristic_review,heuristic_weak_state_only_with_visible_uncertainty
cmnwr8irn002pz0tihyw561a7,Texas Tech University,160,act25,heuristic,heuristic-review,HEURISTIC_FILL,true,false,true,1,review_heuristic_anchor_before_confident_consumption,review,review,heuristic_review,heuristic_weak_state_only_with_visible_uncertainty
cmnwr8irn002pz0tihyw561a7,Texas Tech University,160,act75,heuristic,heuristic-review,HEURISTIC_FILL,true,false,true,1,review_heuristic_anchor_before_confident_consumption,review,review,heuristic_review,heuristic_weak_state_only_with_visible_uncertainty
cmnwr8irt002tz0tiua8akwdq,San Jose State University,161,act25,heuristic,heuristic-review,HEURISTIC_FILL,true,false,true,1,review_heuristic_anchor_before_confident_consumption,review,review,heuristic_review,heuristic_weak_state_only_with_visible_uncertainty
cmnwr8irt002tz0tiua8akwdq,San Jose State University,161,act75,heuristic,heuristic-review,HEURISTIC_FILL,true,false,true,1,review_heuristic_anchor_before_confident_consumption,review,review,heuristic_review,heuristic_weak_state_only_with_visible_uncertainty
cmnwr8iro002qz0tiayclu6c9,University of Idaho,161,act25,heuristic,heuristic-review,HEURISTIC_FILL,true,false,true,1,review_heuristic_anchor_before_confident_consumption,review,review,heuristic_review,heuristic_weak_state_only_with_visible_uncertainty
cmnwr8iro002qz0tiayclu6c9,University of Idaho,161,act75,heuristic,heuristic-review,HEURISTIC_FILL,true,false,true,1,review_heuristic_anchor_before_confident_consumption,review,review,heuristic_review,heuristic_weak_state_only_with_visible_uncertainty
cmnwr8irs002sz0ti22brcgol,"University of Nevada, Las Vegas",161,act25,heuristic,heuristic-review,HEURISTIC_FILL,true,false,true,2,review_heuristic_anchor_before_confident_consumption,review,review,heuristic_review,heuristic_weak_state_only_with_visible_uncertainty
cmnwr8irs002sz0ti22brcgol,"University of Nevada, Las Vegas",161,act75,heuristic,heuristic-review,HEURISTIC_FILL,true,false,true,2,review_heuristic_anchor_before_confident_consumption,review,review,heuristic_review,heuristic_weak_state_only_with_visible_uncertainty
cmnwr8irq002rz0ti2ejl7chb,University of North Texas,161,eaAcceptanceRate,missing,source-candidate-review,VERIFIED_REAL,false,true,true,5,review_candidate_evidence_before_publish,review,review,candidate_evidence_review,review_queue_only_candidate_evidence_not_a_fact
cmnwr8irq002rz0ti2ejl7chb,University of North Texas,161,act25,heuristic,heuristic-review,HEURISTIC_FILL,true,false,true,5,review_heuristic_anchor_before_confident_consumption,review,review,heuristic_review,heuristic_weak_state_only_with_visible_uncertainty
cmnwr8irq002rz0ti2ejl7chb,University of North Texas,161,act75,heuristic,heuristic-review,HEURISTIC_FILL,true,false,true,5,review_heuristic_anchor_before_confident_consumption,review,review,heuristic_review,heuristic_weak_state_only_with_visible_uncertainty
cmnwr8irv002uz0tic1bpn6g4,Bowling Green State University,165,act25,heuristic,heuristic-review,HEURISTIC_FILL,true,false,true,1,review_heuristic_anchor_before_confident_consumption,review,review,heuristic_review,heuristic_weak_state_only_with_visible_uncertainty
cmnwr8irv002uz0tic1bpn6g4,Bowling Green State University,165,act75,heuristic,heuristic-review,HEURISTIC_FILL,true,false,true,1,review_heuristic_anchor_before_confident_consumption,review,review,heuristic_review,heuristic_weak_state_only_with_visible_uncertainty
cmnwr8irx002vz0ti8qpx4iws,"California State University, Fullerton",165,act25,heuristic,heuristic-review,HEURISTIC_FILL,true,false,true,2,review_heuristic_anchor_before_confident_consumption,review,review,heuristic_review,heuristic_weak_state_only_with_visible_uncertainty
cmnwr8irx002vz0ti8qpx4iws,"California State University, Fullerton",165,act75,heuristic,heuristic-review,HEURISTIC_FILL,true,false,true,2,review_heuristic_anchor_before_confident_consumption,review,review,heuristic_review,heuristic_weak_state_only_with_visible_uncertainty
cmnwr8iry002wz0tiljzfdqu7,"California State University, Long Beach",165,act25,heuristic,heuristic-review,HEURISTIC_FILL,true,false,true,5,review_heuristic_anchor_before_confident_consumption,review,review,heuristic_review,heuristic_weak_state_only_with_visible_uncertainty
cmnwr8iry002wz0tiljzfdqu7,"California State University, Long Beach",165,act75,heuristic,heuristic-review,HEURISTIC_FILL,true,false,true,5,review_heuristic_anchor_before_confident_consumption,review,review,heuristic_review,heuristic_weak_state_only_with_visible_uncertainty
cmnwr8is3002yz0ti9qk8f21x,North Dakota State University,168,act25,heuristic,heuristic-review,HEURISTIC_FILL,true,false,true,1,review_heuristic_anchor_before_confident_consumption,review,review,heuristic_review,heuristic_weak_state_only_with_visible_uncertainty
cmnwr8is3002yz0ti9qk8f21x,North Dakota State University,168,act75,heuristic,heuristic-review,HEURISTIC_FILL,true,false,true,1,review_heuristic_anchor_before_confident_consumption,review,review,heuristic_review,heuristic_weak_state_only_with_visible_uncertainty
cmnwr8is4002zz0ti7l7rukwt,South Dakota State University,168,act25,heuristic,heuristic-review,HEURISTIC_FILL,true,false,true,4,review_heuristic_anchor_before_confident_consumption,review,review,heuristic_review,heuristic_weak_state_only_with_visible_uncertainty
cmnwr8is4002zz0ti7l7rukwt,South Dakota State University,168,act75,heuristic,heuristic-review,HEURISTIC_FILL,true,false,true,4,review_heuristic_anchor_before_confident_consumption,review,review,heuristic_review,heuristic_weak_state_only_with_visible_uncertainty
cmnwr8is60030z0timvbtgjwa,University of Akron,171,act25,heuristic,heuristic-review,HEURISTIC_FILL,true,false,true,4,review_heuristic_anchor_before_confident_consumption,review,review,heuristic_review,heuristic_weak_state_only_with_visible_uncertainty
cmnwr8is60030z0timvbtgjwa,University of Akron,171,act75,heuristic,heuristic-review,HEURISTIC_FILL,true,false,true,4,review_heuristic_anchor_before_confident_consumption,review,review,heuristic_review,heuristic_weak_state_only_with_visible_uncertainty
cmnwr8isc0033z0tibp1hnmdi,University of Massachusetts Lowell,171,act25,heuristic,heuristic-review,HEURISTIC_FILL,true,false,true,1,review_heuristic_anchor_before_confident_consumption,review,review,heuristic_review,heuristic_weak_state_only_with_visible_uncertainty
cmnwr8isc0033z0tibp1hnmdi,University of Massachusetts Lowell,171,act75,heuristic,heuristic-review,HEURISTIC_FILL,true,false,true,1,review_heuristic_anchor_before_confident_consumption,review,review,heuristic_review,heuristic_weak_state_only_with_visible_uncertainty
cmnwr8is80031z0tizosa0sa8,University of Toledo,171,act25,heuristic,heuristic-review,HEURISTIC_FILL,true,false,true,5,review_heuristic_anchor_before_confident_consumption,review,review,heuristic_review,heuristic_weak_state_only_with_visible_uncertainty
cmnwr8is80031z0tizosa0sa8,University of Toledo,171,act75,heuristic,heuristic-review,HEURISTIC_FILL,true,false,true,5,review_heuristic_anchor_before_confident_consumption,review,review,heuristic_review,heuristic_weak_state_only_with_visible_uncertainty
cmnwr8isa0032z0tiytg48wsw,Wayne State University,171,act25,heuristic,heuristic-review,HEURISTIC_FILL,true,false,true,1,review_heuristic_anchor_before_confident_consumption,review,review,heuristic_review,heuristic_weak_state_only_with_visible_uncertainty
cmnwr8isa0032z0tiytg48wsw,Wayne State University,171,act75,heuristic,heuristic-review,HEURISTIC_FILL,true,false,true,1,review_heuristic_anchor_before_confident_consumption,review,review,heuristic_review,heuristic_weak_state_only_with_visible_uncertainty
cmnwr8ish0036z0tiy3l6tt76,"California State University, Northridge",175,act25,heuristic,heuristic-review,HEURISTIC_FILL,true,false,true,1,review_heuristic_anchor_before_confident_consumption,review,review,heuristic_review,heuristic_weak_state_only_with_visible_uncertainty
cmnwr8ish0036z0tiy3l6tt76,"California State University, Northridge",175,act75,heuristic,heuristic-review,HEURISTIC_FILL,true,false,true,1,review_heuristic_anchor_before_confident_consumption,review,review,heuristic_review,heuristic_weak_state_only_with_visible_uncertainty
cmnwr8isf0035z0tixudqprxr,New Mexico State University,175,eaAcceptanceRate,missing,source-candidate-review,VERIFIED_REAL,false,true,true,1,review_candidate_evidence_before_publish,review,review,candidate_evidence_review,review_queue_only_candidate_evidence_not_a_fact
cmnwr8isf0035z0tixudqprxr,New Mexico State University,175,act25,heuristic,heuristic-review,HEURISTIC_FILL,true,false,true,1,review_heuristic_anchor_before_confident_consumption,review,review,heuristic_review,heuristic_weak_state_only_with_visible_uncertainty
cmnwr8isf0035z0tixudqprxr,New Mexico State University,175,act75,heuristic,heuristic-review,HEURISTIC_FILL,true,false,true,1,review_heuristic_anchor_before_confident_consumption,review,review,heuristic_review,heuristic_weak_state_only_with_visible_uncertainty
cmnwr8ise0034z0tiwz772kaw,Oklahoma State University,175,act25,heuristic,heuristic-review,HEURISTIC_FILL,true,false,true,1,review_heuristic_anchor_before_confident_consumption,review,review,heuristic_review,heuristic_weak_state_only_with_visible_uncertainty
cmnwr8ise0034z0tiwz772kaw,Oklahoma State University,175,act75,heuristic,heuristic-review,HEURISTIC_FILL,true,false,true,1,review_heuristic_anchor_before_confident_consumption,review,review,heuristic_review,heuristic_weak_state_only_with_visible_uncertainty
cmnwr8isn0039z0tik49prelk,Eastern Michigan University,178,eaAcceptanceRate,missing,source-candidate-review,VERIFIED_REAL,false,true,true,1,review_candidate_evidence_before_publish,review,review,candidate_evidence_review,review_queue_only_candidate_evidence_not_a_fact
cmnwr8isn0039z0tik49prelk,Eastern Michigan University,178,act25,heuristic,heuristic-review,HEURISTIC_FILL,true,false,true,1,review_heuristic_anchor_before_confident_consumption,review,review,heuristic_review,heuristic_weak_state_only_with_visible_uncertainty
cmnwr8isn0039z0tik49prelk,Eastern Michigan University,178,act75,heuristic,heuristic-review,HEURISTIC_FILL,true,false,true,1,review_heuristic_anchor_before_confident_consumption,review,review,heuristic_review,heuristic_weak_state_only_with_visible_uncertainty
cmnwr8isl0038z0ti3vw64w98,Northern Illinois University,178,sat25,heuristic,heuristic-review,HEURISTIC_FILL,true,true,true,1,review_heuristic_anchor_before_confident_consumption,review,review,heuristic_review,heuristic_weak_state_only_with_visible_uncertainty
cmnwr8isl0038z0ti3vw64w98,Northern Illinois University,178,sat75,heuristic,heuristic-review,HEURISTIC_FILL,true,true,true,1,review_heuristic_anchor_before_confident_consumption,review,review,heuristic_review,heuristic_weak_state_only_with_visible_uncertainty
cmnwr8isl0038z0ti3vw64w98,Northern Illinois University,178,act25,heuristic,heuristic-review,HEURISTIC_FILL,true,false,true,1,review_heuristic_anchor_before_confident_consumption,review,review,heuristic_review,heuristic_weak_state_only_with_visible_uncertainty
cmnwr8isl0038z0ti3vw64w98,Northern Illinois University,178,act75,heuristic,heuristic-review,HEURISTIC_FILL,true,false,true,1,review_heuristic_anchor_before_confident_consumption,review,review,heuristic_review,heuristic_weak_state_only_with_visible_uncertainty
cmnwr8isj0037z0tihc4cw8ue,University of Southern Mississippi,178,sat25,legacy,source-candidate-review,,true,true,true,3,review_candidate_evidence_before_publish,review,review,candidate_evidence_review,review_queue_only_candidate_evidence_not_a_fact
cmnwr8isj0037z0tihc4cw8ue,University of Southern Mississippi,178,sat75,legacy,source-candidate-review,,true,true,true,3,review_candidate_evidence_before_publish,review,review,candidate_evidence_review,review_queue_only_candidate_evidence_not_a_fact
cmnwr8isj0037z0tihc4cw8ue,University of Southern Mississippi,178,act25,heuristic,heuristic-review,HEURISTIC_FILL,true,false,true,1,review_heuristic_anchor_before_confident_consumption,review,review,heuristic_review,heuristic_weak_state_only_with_visible_uncertainty
cmnwr8isj0037z0tihc4cw8ue,University of Southern Mississippi,178,act75,heuristic,heuristic-review,HEURISTIC_FILL,true,false,true,1,review_heuristic_anchor_before_confident_consumption,review,review,heuristic_review,heuristic_weak_state_only_with_visible_uncertainty
cmnwr8iso003az0tilgsdacqo,University of Wisconsin-Milwaukee,181,act25,heuristic,heuristic-review,HEURISTIC_FILL,true,false,true,1,review_heuristic_anchor_before_confident_consumption,review,review,heuristic_review,heuristic_weak_state_only_with_visible_uncertainty
cmnwr8iso003az0tilgsdacqo,University of Wisconsin-Milwaukee,181,act75,heuristic,heuristic-review,HEURISTIC_FILL,true,false,true,1,review_heuristic_anchor_before_confident_consumption,review,review,heuristic_review,heuristic_weak_state_only_with_visible_uncertainty
cmnwr8isr003bz0ti1h6j1c5s,Western Michigan University,181,act25,heuristic,heuristic-review,HEURISTIC_FILL,true,false,true,2,review_heuristic_anchor_before_confident_consumption,review,review,heuristic_review,heuristic_weak_state_only_with_visible_uncertainty
cmnwr8isr003bz0ti1h6j1c5s,Western Michigan University,181,act75,heuristic,heuristic-review,HEURISTIC_FILL,true,false,true,2,review_heuristic_anchor_before_confident_consumption,review,review,heuristic_review,heuristic_weak_state_only_with_visible_uncertainty
cmnwr8iss003cz0tia71q9qy1,Idaho State University,185,intlAcceptanceRate,missing,source-candidate-review,VERIFIED_REAL,false,true,true,1,review_candidate_evidence_before_publish,review,review,candidate_evidence_review,review_queue_only_candidate_evidence_not_a_fact
cmnwr8iss003cz0tia71q9qy1,Idaho State University,185,oosAcceptanceRate,missing,source-candidate-review,VERIFIED_REAL,false,true,true,1,review_candidate_evidence_before_publish,review,review,candidate_evidence_review,review_queue_only_candidate_evidence_not_a_fact
cmnwr8iss003cz0tia71q9qy1,Idaho State University,185,act25,heuristic,heuristic-review,HEURISTIC_FILL,true,false,true,2,review_heuristic_anchor_before_confident_consumption,review,review,heuristic_review,heuristic_weak_state_only_with_visible_uncertainty
cmnwr8iss003cz0tia71q9qy1,Idaho State University,185,act75,heuristic,heuristic-review,HEURISTIC_FILL,true,false,true,2,review_heuristic_anchor_before_confident_consumption,review,review,heuristic_review,heuristic_weak_state_only_with_visible_uncertainty
cmnwr8isv003ez0timrhbjznd,University of Memphis,185,intlAcceptanceRate,missing,source-candidate-review,VERIFIED_REAL,false,true,true,1,review_candidate_evidence_before_publish,review,review,candidate_evidence_review,review_queue_only_candidate_evidence_not_a_fact
cmnwr8isv003ez0timrhbjznd,University of Memphis,185,oosAcceptanceRate,missing,source-candidate-review,VERIFIED_REAL,false,true,true,1,review_candidate_evidence_before_publish,review,review,candidate_evidence_review,review_queue_only_candidate_evidence_not_a_fact
cmnwr8isv003ez0timrhbjznd,University of Memphis,185,act25,heuristic,heuristic-review,HEURISTIC_FILL,true,false,true,5,review_heuristic_anchor_before_confident_consumption,review,review,heuristic_review,heuristic_weak_state_only_with_visible_uncertainty
cmnwr8isv003ez0timrhbjznd,University of Memphis,185,act75,heuristic,heuristic-review,HEURISTIC_FILL,true,false,true,5,review_heuristic_anchor_before_confident_consumption,review,review,heuristic_review,heuristic_weak_state_only_with_visible_uncertainty
cmnwr8isu003dz0tijwn1m0s0,University of Texas at Arlington,185,act25,heuristic,heuristic-review,HEURISTIC_FILL,true,false,true,1,review_heuristic_anchor_before_confident_consumption,review,review,heuristic_review,heuristic_weak_state_only_with_visible_uncertainty
cmnwr8isu003dz0tijwn1m0s0,University of Texas at Arlington,185,act75,heuristic,heuristic-review,HEURISTIC_FILL,true,false,true,1,review_heuristic_anchor_before_confident_consumption,review,review,heuristic_review,heuristic_weak_state_only_with_visible_uncertainty
cmnwr8isz003fz0tisq77swxo,University of Texas at San Antonio,185,act25,heuristic,heuristic-review,HEURISTIC_FILL,true,false,true,4,review_heuristic_anchor_before_confident_consumption,review,review,heuristic_review,heuristic_weak_state_only_with_visible_uncertainty
cmnwr8isz003fz0tisq77swxo,University of Texas at San Antonio,185,act75,heuristic,heuristic-review,HEURISTIC_FILL,true,false,true,4,review_heuristic_anchor_before_confident_consumption,review,review,heuristic_review,heuristic_weak_state_only_with_visible_uncertainty
cmnwr8it2003gz0tixy0e9ok2,Cleveland State University,189,act25,heuristic,heuristic-review,HEURISTIC_FILL,true,false,true,1,review_heuristic_anchor_before_confident_consumption,review,review,heuristic_review,heuristic_weak_state_only_with_visible_uncertainty
cmnwr8it2003gz0tixy0e9ok2,Cleveland State University,189,act75,heuristic,heuristic-review,HEURISTIC_FILL,true,false,true,1,review_heuristic_anchor_before_confident_consumption,review,review,heuristic_review,heuristic_weak_state_only_with_visible_uncertainty
cmnwr8it5003hz0tie38swawv,Florida International University,189,act25,heuristic,heuristic-review,HEURISTIC_FILL,true,false,true,1,review_heuristic_anchor_before_confident_consumption,review,review,heuristic_review,heuristic_weak_state_only_with_visible_uncertainty
cmnwr8it5003hz0tie38swawv,Florida International University,189,act75,heuristic,heuristic-review,HEURISTIC_FILL,true,false,true,1,review_heuristic_anchor_before_confident_consumption,review,review,heuristic_review,heuristic_weak_state_only_with_visible_uncertainty
cmnwr8ita003iz0ti7ezibmu3,Georgia State University,189,sat25,legacy,source-candidate-review,,true,true,true,3,review_candidate_evidence_before_publish,review,review,candidate_evidence_review,review_queue_only_candidate_evidence_not_a_fact
cmnwr8ita003iz0ti7ezibmu3,Georgia State University,189,sat75,legacy,source-candidate-review,,true,true,true,3,review_candidate_evidence_before_publish,review,review,candidate_evidence_review,review_queue_only_candidate_evidence_not_a_fact
cmnwr8ita003iz0ti7ezibmu3,Georgia State University,189,act25,heuristic,heuristic-review,HEURISTIC_FILL,true,false,true,4,review_heuristic_anchor_before_confident_consumption,review,review,heuristic_review,heuristic_weak_state_only_with_visible_uncertainty
cmnwr8ita003iz0ti7ezibmu3,Georgia State University,189,act75,heuristic,heuristic-review,HEURISTIC_FILL,true,false,true,4,review_heuristic_anchor_before_confident_consumption,review,review,heuristic_review,heuristic_weak_state_only_with_visible_uncertainty
cmnwr8ite003jz0tijg7j0avf,University of Massachusetts Boston,189,act25,heuristic,heuristic-review,HEURISTIC_FILL,true,false,true,5,review_heuristic_anchor_before_confident_consumption,review,review,heuristic_review,heuristic_weak_state_only_with_visible_uncertainty
cmnwr8ite003jz0tijg7j0avf,University of Massachusetts Boston,189,act75,heuristic,heuristic-review,HEURISTIC_FILL,true,false,true,5,review_heuristic_anchor_before_confident_consumption,review,review,heuristic_review,heuristic_weak_state_only_with_visible_uncertainty
cmnwr8itk003mz0tirfyu068c,Central Michigan University,194,act25,heuristic,heuristic-review,HEURISTIC_FILL,true,false,true,1,review_heuristic_anchor_before_confident_consumption,review,review,heuristic_review,heuristic_weak_state_only_with_visible_uncertainty
cmnwr8itk003mz0tirfyu068c,Central Michigan University,194,act75,heuristic,heuristic-review,HEURISTIC_FILL,true,false,true,1,review_heuristic_anchor_before_confident_consumption,review,review,heuristic_review,heuristic_weak_state_only_with_visible_uncertainty
cmnwr8itm003nz0tiqazikwxi,Indiana University-Purdue University Indianapolis,194,sat25,legacy,source-candidate-review,,true,true,true,3,review_candidate_evidence_before_publish,review,review,candidate_evidence_review,review_queue_only_candidate_evidence_not_a_fact
cmnwr8itm003nz0tiqazikwxi,Indiana University-Purdue University Indianapolis,194,sat75,legacy,source-candidate-review,,true,true,true,3,review_candidate_evidence_before_publish,review,review,candidate_evidence_review,review_queue_only_candidate_evidence_not_a_fact
cmnwr8itm003nz0tiqazikwxi,Indiana University-Purdue University Indianapolis,194,act25,heuristic,heuristic-review,HEURISTIC_FILL,true,false,true,1,review_heuristic_anchor_before_confident_consumption,review,review,heuristic_review,heuristic_weak_state_only_with_visible_uncertainty
cmnwr8itm003nz0tiqazikwxi,Indiana University-Purdue University Indianapolis,194,act75,heuristic,heuristic-review,HEURISTIC_FILL,true,false,true,1,review_heuristic_anchor_before_confident_consumption,review,review,heuristic_review,heuristic_weak_state_only_with_visible_uncertainty
cmnwr8itg003kz0tikwvhzllw,Old Dominion University,194,act25,heuristic,heuristic-review,HEURISTIC_FILL,true,false,true,1,review_heuristic_anchor_before_confident_consumption,review,review,heuristic_review,heuristic_weak_state_only_with_visible_uncertainty
cmnwr8itg003kz0tikwvhzllw,Old Dominion University,194,act75,heuristic,heuristic-review,HEURISTIC_FILL,true,false,true,1,review_heuristic_anchor_before_confident_consumption,review,review,heuristic_review,heuristic_weak_state_only_with_visible_uncertainty
cmnwr8iti003lz0ti0z9hwm3s,Wright State University,194,act25,heuristic,heuristic-review,HEURISTIC_FILL,true,false,true,1,review_heuristic_anchor_before_confident_consumption,review,review,heuristic_review,heuristic_weak_state_only_with_visible_uncertainty
cmnwr8iti003lz0ti0z9hwm3s,Wright State University,194,act75,heuristic,heuristic-review,HEURISTIC_FILL,true,false,true,1,review_heuristic_anchor_before_confident_consumption,review,review,heuristic_review,heuristic_weak_state_only_with_visible_uncertainty
cmnwr8ito003oz0tiyojti719,Wichita State University,199,act25,heuristic,heuristic-review,HEURISTIC_FILL,true,false,true,2,review_heuristic_anchor_before_confident_consumption,review,review,heuristic_review,heuristic_weak_state_only_with_visible_uncertainty
cmnwr8ito003oz0tiyojti719,Wichita State University,199,act75,heuristic,heuristic-review,HEURISTIC_FILL,true,false,true,2,review_heuristic_anchor_before_confident_consumption,review,review,heuristic_review,heuristic_weak_state_only_with_visible_uncertainty
cmnwr8iwn0053z0tiokrlwt8f,Appalachian State University,201,act25,heuristic,heuristic-review,HEURISTIC_FILL,true,false,true,1,review_heuristic_anchor_before_confident_consumption,review,review,heuristic_review,heuristic_weak_state_only_with_visible_uncertainty
cmnwr8iwn0053z0tiokrlwt8f,Appalachian State University,201,act75,heuristic,heuristic-review,HEURISTIC_FILL,true,false,true,1,review_heuristic_anchor_before_confident_consumption,review,review,heuristic_review,heuristic_weak_state_only_with_visible_uncertainty
cmnwr8iwp0054z0tic1mh49ba,James Madison University,201,act25,heuristic,heuristic-review,HEURISTIC_FILL,true,false,true,1,review_heuristic_anchor_before_confident_consumption,review,review,heuristic_review,heuristic_weak_state_only_with_visible_uncertainty
cmnwr8iwp0054z0tic1mh49ba,James Madison University,201,act75,heuristic,heuristic-review,HEURISTIC_FILL,true,false,true,1,review_heuristic_anchor_before_confident_consumption,review,review,heuristic_review,heuristic_weak_state_only_with_visible_uncertainty
cmnwr8iws0056z0tial92bfrt,Grand Valley State University,205,act25,heuristic,heuristic-review,HEURISTIC_FILL,true,false,true,1,review_heuristic_anchor_before_confident_consumption,review,review,heuristic_review,heuristic_weak_state_only_with_visible_uncertainty
cmnwr8iws0056z0tial92bfrt,Grand Valley State University,205,act75,heuristic,heuristic-review,HEURISTIC_FILL,true,false,true,1,review_heuristic_anchor_before_confident_consumption,review,review,heuristic_review,heuristic_weak_state_only_with_visible_uncertainty
cmnwr8iwq0055z0tivbkk0qbk,University of North Carolina Wilmington,205,act25,heuristic,heuristic-review,HEURISTIC_FILL,true,false,true,1,review_heuristic_anchor_before_confident_consumption,review,review,heuristic_review,heuristic_weak_state_only_with_visible_uncertainty
cmnwr8iwq0055z0tivbkk0qbk,University of North Carolina Wilmington,205,act75,heuristic,heuristic-review,HEURISTIC_FILL,true,false,true,1,review_heuristic_anchor_before_confident_consumption,review,review,heuristic_review,heuristic_weak_state_only_with_visible_uncertainty
cmnwr8iwv0058z0tivh6huv4n,"California State University, Sacramento",210,act25,heuristic,heuristic-review,HEURISTIC_FILL,true,false,true,1,review_heuristic_anchor_before_confident_consumption,review,review,heuristic_review,heuristic_weak_state_only_with_visible_uncertainty
cmnwr8iwv0058z0tivh6huv4n,"California State University, Sacramento",210,act75,heuristic,heuristic-review,HEURISTIC_FILL,true,false,true,1,review_heuristic_anchor_before_confident_consumption,review,review,heuristic_review,heuristic_weak_state_only_with_visible_uncertainty
cmnwr8iwt0057z0ti6f0z2hsc,Towson University,210,act25,heuristic,heuristic-review,HEURISTIC_FILL,true,false,true,3,review_heuristic_anchor_before_confident_consumption,review,review,heuristic_review,heuristic_weak_state_only_with_visible_uncertainty
cmnwr8iwt0057z0ti6f0z2hsc,Towson University,210,act75,heuristic,heuristic-review,HEURISTIC_FILL,true,false,true,3,review_heuristic_anchor_before_confident_consumption,review,review,heuristic_review,heuristic_weak_state_only_with_visible_uncertainty
